ID,Recency,MntWines,MntFruits,MntMeatProducts,MntFishProducts,MntSweetProducts,MntGoldProds,NumDealsPurchases,NumWebPurchases,NumCatalogPurchases,NumStorePurchases,NumWebVisitsMonth
1826,0,189,104,379,111,189,218,1,4,4,6,1
1,0,464,5,64,7,0,37,1,7,3,7,5
10476,0,134,11,59,15,2,30,1,3,2,5,2
1386,0,10,0,1,0,0,0,1,1,0,2,7
5371,0,6,16,24,11,0,34,2,3,1,2,7
7348,0,336,130,411,240,32,43,1,4,7,5,2
4073,0,769,80,252,15,34,65,1,10,10,7,6
1991,0,78,0,11,0,0,7,1,2,1,3,5
4047,0,384,0,102,21,32,5,3,6,2,9,4
9477,0,384,0,102,21,32,5,3,6,2,9,4
2079,0,450,26,535,73,98,26,1,5,6,10,1
5642,0,140,4,61,0,13,4,2,3,1,6,4
10530,0,431,82,441,80,20,102,1,3,6,6,1
2964,0,3,10,8,3,16,32,1,1,1,2,6
10311,0,16,4,12,2,4,321,0,25,0,0,1
837,0,63,6,57,13,13,22,4,2,1,5,4
10521,0,63,6,57,13,13,22,4,2,1,5,4
10175,0,18,0,2,0,0,2,1,1,0,3,4
1473,0,53,1,5,2,1,10,2,2,0,3,8
2795,0,5,0,3,0,0,5,1,1,0,2,7
2285,0,213,9,76,4,3,30,3,5,2,5,7
115,0,275,11,68,25,7,7,3,5,1,8,5
10470,0,40,2,23,0,4,23,2,2,1,3,4
4065,0,308,0,73,0,0,23,2,5,1,8,7
10968,0,266,21,300,65,8,44,4,8,8,6,6
5985,0,80,1,37,0,1,3,3,2,1,4,7
5430,0,454,0,171,8,19,32,12,9,2,8,8
8432,0,454,0,171,8,19,32,12,9,2,8,8
453,1,27,0,12,0,1,5,2,2,0,3,5
9687,1,184,174,256,50,30,32,1,5,4,6,2
8890,1,155,7,80,13,7,10,3,5,1,5,6
9264,1,423,42,706,73,197,197,1,4,8,9,2
5824,1,7,0,1,0,0,0,1,1,0,2,6
5794,1,408,0,21,0,0,17,3,7,1,7,8
3068,1,1,12,9,0,14,7,1,2,0,3,7
7962,1,1285,21,449,106,20,20,1,4,3,4,1
2681,1,71,22,112,138,89,29,1,2,3,13,1
10141,1,7,1,6,0,3,3,1,0,0,3,4
3725,1,1248,16,349,43,16,16,1,2,4,9,4
3767,1,378,0,189,97,172,172,2,5,5,12,3
5585,1,12,2,17,6,1,10,2,2,0,3,8
7030,1,1200,0,204,38,29,14,3,11,9,12,6
1524,1,709,45,115,30,160,45,1,8,2,5,5
3657,1,94,1,33,13,12,12,3,4,0,4,8
5740,1,4,2,12,7,5,26,2,1,2,2,6
9595,1,539,169,816,20,0,30,1,4,5,4,3
3158,1,13,3,6,6,5,6,1,1,0,3,8
5114,1,670,9,249,0,28,9,2,5,4,5,4
340,1,158,35,179,0,0,125,2,7,2,8,5
8805,1,283,10,38,0,13,27,4,7,2,4,8
1241,1,13,3,8,7,4,16,2,1,0,3,9
1402,1,496,36,460,189,60,12,3,4,8,6,3
7264,2,12,0,4,0,0,1,1,1,0,2,8
1619,2,292,51,981,224,23,17,1,4,6,6,1
6398,2,7,10,13,16,0,4,2,3,0,3,8
1857,2,46,0,12,0,2,23,2,2,1,2,7
4877,2,34,0,7,0,0,0,1,1,0,3,7
3066,2,167,0,43,6,2,13,2,4,2,4,5
10286,2,318,8,407,150,35,8,1,2,8,13,0
1992,2,522,0,257,32,16,66,4,2,2,8,7
4246,2,67,11,26,4,3,262,0,1,0,1,17
10623,2,28,0,4,0,0,0,1,1,0,3,5
4867,2,58,0,18,2,0,10,4,3,0,4,7
3112,2,2,4,9,0,4,5,1,1,0,3,5
4865,2,229,7,140,10,3,11,7,5,1,8,7
6287,2,14,0,16,0,0,6,1,1,1,2,6
4405,2,622,7,115,30,0,15,2,6,3,12,5
5332,2,362,50,431,134,35,54,1,3,6,7,1
1519,2,38,4,22,3,3,3,3,3,0,3,8
9080,2,38,4,22,3,3,3,3,3,0,3,8
1772,2,1074,37,518,193,92,129,1,5,6,7,2
5341,2,983,76,184,180,138,27,1,6,3,4,7
5510,2,262,6,61,0,10,102,3,5,2,6,5
3887,2,3,17,26,20,1,39,2,2,0,3,9
7022,2,739,107,309,140,80,35,1,2,5,13,6
9999,2,610,105,125,137,42,21,1,9,4,9,5
10352,2,50,4,28,6,3,26,3,3,1,2,9
7919,2,1285,105,653,28,21,0,1,10,4,8,8
4114,2,650,37,780,27,167,32,1,6,9,13,3
7990,2,9,1,2,3,2,0,1,0,0,3,6
9888,3,458,81,356,106,50,40,1,4,4,7,2
4399,3,458,81,356,106,50,40,1,4,4,7,2
4452,3,292,6,37,0,3,34,4,6,1,6,7
4785,3,520,7,154,19,0,14,2,6,3,11,3
8461,3,14,0,1,0,0,1,1,1,0,2,7
3878,3,3,4,7,15,8,11,1,1,0,3,7
9612,3,1,8,6,4,8,16,1,1,0,3,7
4098,3,20,3,16,0,4,1,3,2,0,4,6
158,3,345,53,528,98,75,97,1,8,3,5,4
3896,3,22,1,11,0,1,2,1,1,0,3,7
9970,3,42,11,57,10,28,14,1,1,1,6,2
4002,3,463,96,333,168,53,10,1,7,7,12,3
10914,3,4,1,7,2,1,2,2,1,0,3,4
7279,3,260,86,559,63,9,67,1,4,6,4,2
10582,3,180,32,348,76,32,90,2,5,2,12,2
4470,3,62,1,44,6,5,22,1,2,1,4,4
6183,3,62,1,44,6,5,22,1,2,1,4,4
6379,3,67,1,20,0,2,31,3,2,2,2,7
8601,3,421,76,536,82,178,102,2,8,6,5,4
4827,3,154,22,202,39,30,8,5,4,2,9,4
6715,3,502,19,132,0,6,26,6,6,2,11,6
10676,3,145,193,459,205,26,145,2,3,8,7,2
1041,3,322,3,50,4,3,42,5,7,1,6,8
492,3,322,3,50,4,3,42,5,7,1,6,8
11133,3,322,3,50,4,3,42,5,7,1,6,8
4491,3,1099,0,45,0,0,34,11,3,4,10,8
873,3,1099,0,45,0,0,34,11,3,4,10,8
1631,3,890,63,292,0,25,12,4,8,4,7,6
8278,3,863,83,547,86,99,33,1,8,2,5,5
6815,4,448,21,125,52,101,62,0,7,6,8,2
254,4,399,4,30,6,4,30,3,7,1,7,7
1349,4,85,7,24,2,3,27,1,3,1,3,6
2534,4,97,1,41,6,2,41,2,4,1,3,7
2130,4,35,3,67,10,8,24,1,3,1,3,6
2296,4,3,2,11,2,2,10,1,1,0,2,6
3799,4,315,35,322,46,7,143,3,7,2,11,5
11084,4,738,0,232,13,20,50,2,3,5,7,7
5172,4,738,0,232,13,20,50,2,3,5,7,7
9504,4,179,28,520,111,123,47,1,3,8,13,1
850,4,381,28,215,84,28,21,2,6,5,9,3
4477,4,247,49,159,7,82,109,1,5,2,10,4
1945,4,711,36,217,172,96,168,3,7,4,7,4
7685,4,30,8,12,8,8,12,1,2,0,4,5
6310,4,30,8,12,8,8,12,1,2,0,4,5
10832,4,288,10,30,4,10,125,1,6,1,6,6
3025,4,212,6,69,4,12,3,3,6,1,5,7
2404,4,173,4,30,3,6,41,4,5,1,4,7
8581,4,604,0,100,19,0,28,9,10,2,8,8
8755,4,482,34,471,119,68,22,1,3,5,9,7
10177,4,531,69,300,150,138,150,3,5,4,8,2
2429,4,531,69,300,150,138,150,3,5,4,8,2
8920,4,448,40,469,80,0,91,3,11,2,12,7
8430,4,9,0,6,3,1,3,1,0,0,3,5
8619,4,9,0,6,3,1,3,1,0,0,3,5
8996,4,230,42,192,49,37,53,12,7,2,8,9
7233,4,496,32,849,229,48,128,2,5,3,6,4
6678,5,33,4,24,4,2,5,2,3,0,4,7
830,5,784,48,560,42,176,48,1,4,6,4,3
6365,5,10,12,12,25,1,20,1,2,0,3,6
6770,5,5,13,14,0,5,31,2,2,1,2,6
2261,5,4,1,5,2,0,4,1,1,0,2,7
1031,5,600,20,350,29,30,33,1,6,9,10,2
10089,5,168,148,444,32,172,148,1,6,9,13,2
9256,5,493,26,206,116,80,80,4,8,3,12,6
10641,5,6,5,4,13,4,25,4,2,1,3,6
624,5,6,4,1,7,2,15,1,0,1,2,6
4211,5,4,12,5,3,16,17,2,2,0,3,7
1407,5,4,12,5,3,16,17,2,2,0,3,7
10356,5,29,0,2,0,0,1,1,1,0,3,7
9323,5,520,8,223,32,49,42,4,10,5,7,8
1146,5,520,8,223,32,49,42,4,10,5,7,8
6343,6,835,73,380,114,73,43,1,6,9,7,2
8545,6,1296,17,311,45,69,51,1,2,4,10,1
8275,6,16,0,3,0,0,1,1,1,0,2,7
10673,6,760,80,466,17,13,80,1,6,9,5,3
8799,6,70,6,69,2,3,3,3,3,1,4,7
67,6,68,0,16,0,0,8,3,2,0,4,7
9923,6,68,0,16,0,0,8,3,2,0,4,7
2814,6,9,1,5,4,5,7,1,1,0,3,7
2711,6,9,1,5,4,5,7,1,1,0,3,7
4320,6,325,83,300,86,58,91,1,6,4,12,3
10451,6,9,1,3,0,4,8,1,0,0,3,6
4198,6,9,1,3,0,4,8,1,0,0,3,6
10814,6,303,23,751,82,26,191,1,6,5,13,4
944,6,121,103,69,8,44,48,1,4,2,7,4
8151,6,16,36,21,20,62,108,1,4,1,3,8
6184,6,561,64,785,84,128,48,1,3,3,8,1
3498,6,462,61,184,10,53,107,4,7,5,9,6
2870,6,376,0,38,11,8,69,5,6,3,6,6
7342,6,341,142,113,259,151,66,3,6,6,12,5
1911,6,595,97,291,127,133,121,1,11,5,12,6
10862,6,179,8,83,19,11,26,5,1,2,9,2
2546,7,23,4,5,10,5,23,1,1,0,4,3
3005,7,530,117,678,134,44,147,1,4,10,8,1
8318,7,594,134,786,33,134,57,0,5,6,8,1
2930,7,852,60,207,78,36,48,2,2,6,10,5
8216,7,158,0,76,13,7,71,6,4,4,3,5
1212,7,384,25,292,130,41,64,3,8,8,6,6
2541,7,14,7,11,11,0,5,2,2,0,3,8
10659,7,2,8,11,3,8,21,4,3,2,2,7
10905,7,194,2,56,0,0,0,5,4,1,6,8
8910,7,194,2,56,0,0,0,5,4,1,6,8
7349,7,6,17,16,6,16,42,4,3,1,3,8
7872,7,179,21,273,0,21,63,1,6,10,6,5
4290,8,1,3,8,2,5,5,1,1,0,2,7
7408,8,216,2,6,0,0,9,2,5,1,4,7
9986,8,16,0,23,3,2,10,3,4,1,2,7
8235,8,428,30,214,80,30,61,2,6,5,10,3
10949,8,1092,37,592,145,37,55,1,5,5,8,3
7284,8,10,0,7,2,0,1,1,1,0,2,8
9529,8,559,153,503,218,13,181,1,3,9,9,2
9930,8,606,148,228,15,148,22,1,6,8,13,2
10270,8,11,5,22,12,5,11,2,3,0,3,7
760,8,588,7,76,110,15,15,2,8,4,9,6
5519,8,316,58,161,76,51,135,1,6,9,4,5
232,8,279,83,88,32,14,34,1,4,2,10,3
3009,8,1462,16,128,0,0,160,1,5,3,6,6
6518,8,546,0,48,0,6,6,1,7,3,8,5
10669,8,277,21,64,62,21,25,2,3,2,10,3
5682,8,948,10,86,13,21,21,4,6,9,11,5
1570,8,664,9,240,50,19,57,2,7,7,10,4
1497,8,268,11,88,15,3,22,2,6,3,5,5
9723,8,530,142,217,62,9,56,4,7,4,13,5
7261,8,199,33,60,8,3,15,5,5,2,5,8
2452,8,199,33,60,8,3,15,5,5,2,5,8
5621,8,73,57,100,71,15,0,5,6,1,5,9
10995,8,16,5,30,8,7,26,3,3,0,4,8
7373,8,96,12,96,33,22,43,6,4,1,6,6
5331,8,587,51,898,247,0,86,1,3,6,7,2
263,9,56,19,29,2,14,25,1,3,1,3,8
4619,9,6,2,3,1,262,3,0,27,0,0,1
940,9,158,11,99,15,11,17,2,3,2,7,3
10084,9,3,2,8,20,0,17,2,2,1,2,7
6019,9,45,3,9,4,4,7,1,1,2,2,6
1463,9,8,2,5,3,0,3,1,1,0,2,7
6424,9,12,6,2,11,2,16,1,1,0,3,4
8233,9,508,5,21,7,5,10,4,7,3,7,5
1515,9,11,2,7,4,2,2,1,1,0,3,3
10855,9,234,14,77,19,10,42,2,4,1,8,5
10909,9,992,24,694,51,19,119,0,5,10,5,1
3376,9,125,6,73,8,4,19,1,3,1,6,4
10232,9,174,18,81,28,6,24,3,3,2,7,3
5547,9,1478,19,403,0,19,0,1,7,6,6,3
8362,9,1478,19,403,0,19,0,1,7,6,6,3
3524,9,80,1,60,4,6,16,2,5,1,2,9
10095,9,1001,12,240,16,12,12,1,5,4,10,2
8897,9,392,5,91,28,26,112,8,7,3,7,8
466,9,388,14,218,91,14,21,1,4,3,13,2
11025,9,65,0,46,4,3,20,4,3,1,3,8
2387,9,177,2,71,3,2,20,6,5,2,4,8
1618,9,577,0,64,0,0,51,2,10,1,8,8
25,9,460,35,422,33,12,153,2,6,6,7,4
3277,9,219,3,100,26,0,17,2,7,1,5,8
8566,10,5,0,3,0,0,1,1,1,0,2,7
2634,10,5,7,31,15,4,7,3,2,1,3,6
8036,10,31,1,13,7,2,9,4,2,1,4,4
8159,10,117,0,22,13,0,30,3,4,1,3,7
7628,10,30,5,24,6,3,8,2,2,0,4,5
9597,10,236,106,189,23,41,130,1,7,2,9,4
1384,10,6,4,14,8,8,22,2,2,1,2,8
10150,10,464,28,873,29,18,37,0,7,4,7,2
3885,10,16,2,18,3,0,24,1,1,1,2,8
11003,10,2,5,7,0,18,18,2,2,0,3,7
8026,10,120,58,73,65,89,58,5,5,4,5,5
577,10,9,1,7,0,3,2,2,1,0,3,7
8702,10,9,1,7,0,3,2,2,1,0,3,7
5429,10,145,1,33,2,1,1,1,4,1,4,6
977,10,200,19,111,50,15,19,6,5,1,8,6
2793,10,532,88,168,69,44,133,3,7,3,13,5
1071,10,532,88,168,69,44,133,3,7,3,13,5
5074,10,30,0,10,2,0,5,1,1,0,3,7
2632,10,297,0,38,13,0,152,7,5,4,4,6
6404,10,151,7,89,0,7,28,5,4,1,6,5
10240,10,997,26,269,34,13,42,1,10,4,6,4
2521,10,23,1,13,2,2,18,1,1,1,2,7
4301,10,23,1,13,2,2,18,1,1,1,2,7
7381,10,797,153,293,72,97,30,1,11,4,6,4
2407,10,823,25,459,124,29,95,1,6,6,7,4
9064,10,823,25,459,124,29,95,1,6,6,7,4
5067,11,966,26,282,52,26,26,1,2,7,11,5
10281,11,180,60,241,13,54,54,2,5,5,7,4
11191,11,37,32,38,11,3,18,1,2,1,4,6
1994,11,5,5,6,0,2,1,1,1,0,2,7
2552,11,416,0,26,0,0,4,9,6,3,6,7
6720,11,314,11,53,4,3,107,3,7,3,4,7
4557,11,10,7,19,8,2,21,2,2,2,2,6
1183,11,9,1,4,3,2,3,1,1,0,2,6
4186,11,18,6,15,12,8,17,3,2,1,3,5
1419,11,18,6,15,12,8,17,3,2,1,3,5
967,11,342,9,112,19,14,19,10,5,2,9,7
1048,11,63,3,67,8,9,28,2,3,1,4,7
9262,11,20,6,5,0,9,12,1,1,0,3,7
3427,11,629,0,70,0,0,35,6,11,2,7,8
5892,11,158,6,45,8,2,2,7,3,2,5,7
8911,11,201,53,172,116,77,83,3,5,4,9,4
6606,11,964,34,137,15,0,11,2,5,2,10,8
2677,11,72,24,68,65,4,8,5,3,1,6,4
252,11,123,133,142,71,44,88,1,6,2,8,6
9860,11,159,0,22,2,1,31,3,4,1,4,7
1388,11,6,10,21,19,14,42,2,2,1,3,6
979,11,6,10,21,19,14,42,2,2,1,3,6
7494,11,209,0,40,3,2,15,4,6,1,4,8
10490,11,100,64,79,65,0,109,2,6,2,4,7
3403,11,1170,19,594,99,76,134,2,2,5,12,6
2715,11,70,3,37,4,2,64,4,3,2,2,9
4828,12,71,99,278,185,121,38,1,5,10,5,1
92,12,5,7,24,19,14,20,4,3,0,4,6
3312,12,5,7,24,19,14,20,4,3,0,4,6
11176,12,376,9,83,19,4,4,2,5,4,7,3
1446,12,387,68,569,89,45,68,1,6,9,12,1
9699,12,357,35,271,28,28,14,3,6,2,12,5
9790,12,912,72,170,47,36,97,1,11,3,4,4
2324,12,625,38,242,50,34,76,2,7,11,11,4
5080,12,420,0,452,182,64,140,1,6,6,4,2
4992,12,6,4,16,3,10,30,3,3,1,2,7
7849,12,209,19,456,160,142,66,1,2,9,13,1
4808,12,1,2,5,6,0,3,1,1,0,2,7
10401,12,1,0,5,0,3,9,1,0,0,3,3
7793,12,641,7,84,0,30,38,3,10,4,7,6
9303,12,12,4,7,1,3,5,0,1,0,0,13
6853,12,712,26,538,69,13,80,1,3,6,11,1
7366,12,712,26,538,69,13,80,1,3,6,11,1
9780,12,465,25,132,136,0,37,2,8,3,13,4
7573,12,39,1,9,2,1,34,1,2,1,2,7
1379,12,154,2,46,20,4,15,1,4,2,4,4
8923,12,514,22,732,42,198,79,1,6,7,7,3
3547,12,14,7,9,6,16,12,2,2,0,3,6
8707,12,565,42,548,64,83,99,1,5,6,4,3
1891,12,667,50,850,21,83,83,1,4,6,5,2
6271,13,53,0,8,0,0,2,1,2,0,3,5
9635,13,66,2,40,4,3,14,1,3,1,3,6
9727,13,4,24,11,16,1,25,1,2,0,4,6
6205,13,34,3,29,0,4,10,3,2,1,3,5
10681,13,129,129,259,168,121,83,5,6,3,12,4
5156,13,129,129,259,168,121,83,5,6,3,12,4
3050,13,185,0,28,3,2,17,6,3,1,6,4
8164,13,1023,93,651,49,55,37,1,5,6,7,2
5626,13,338,4,89,11,8,13,1,4,2,9,4
7600,13,1,3,3,8,1,13,2,1,0,3,7
6406,13,647,107,391,175,67,40,1,6,4,10,3
7002,13,163,48,90,0,45,52,1,3,2,8,3
8234,13,1,6,7,0,1,3,1,1,0,2,8
6116,13,19,13,18,10,7,8,1,1,1,3,3
291,13,182,74,298,162,149,116,1,3,3,6,1
8779,13,56,4,76,17,1,18,4,4,1,3,9
4931,13,1,0,1725,2,1,1,0,0,28,0,1
1650,13,779,86,537,34,69,138,1,5,9,12,3
9701,13,32,34,41,73,16,116,3,4,2,3,7
6431,13,42,1,18,3,0,4,2,2,0,3,7
10789,13,42,1,18,3,0,4,2,2,0,3,7
5302,13,298,27,697,216,24,166,1,4,6,5,2
4459,13,10,4,14,4,4,1,1,1,0,3,8
10642,13,10,4,14,4,4,1,1,1,0,3,8
9213,13,4,1,5,2,0,3,1,1,0,2,8
3678,13,488,23,71,15,0,59,11,8,3,7,7
3698,13,817,185,687,145,55,241,1,4,6,8,2
5929,14,19,3,19,3,1,3,2,2,0,3,7
10795,14,19,3,19,3,1,3,2,2,0,3,7
4390,14,459,15,171,142,23,31,2,5,4,12,2
9362,14,492,5,32,13,5,21,1,9,1,7,6
1577,14,558,79,622,207,175,95,1,4,6,4,1
4609,14,383,0,53,6,4,40,3,8,1,6,6
7143,14,209,162,209,41,162,37,5,4,7,10,2
1729,14,1043,24,97,32,24,157,2,3,5,10,6
10664,14,400,4,35,6,0,22,2,9,1,5,8
5029,14,3,1,2,4,3,1,1,0,0,3,5
10507,14,691,7,69,0,7,23,4,2,2,7,8
3865,14,2,12,10,6,13,30,1,3,1,2,8
6982,14,783,30,537,140,76,15,1,4,10,9,2
7042,14,3,3,14,15,21,10,1,2,1,2,9
9668,14,4,16,20,0,17,20,3,2,0,4,8
6878,14,43,12,96,78,40,55,3,4,1,6,7
4099,14,10,2,16,11,2,21,1,1,0,3,8
5031,14,777,35,731,39,137,114,1,5,9,11,2
1970,14,63,0,21,7,0,12,1,3,0,3,8
5726,15,16,7,23,0,8,6,3,3,0,4,5
5231,15,27,2,7,0,2,13,1,1,0,3,5
1307,15,27,5,8,8,3,12,3,3,0,4,4
10609,15,71,0,13,3,1,0,2,1,1,4,4
5782,15,402,35,106,101,77,42,2,9,2,9,5
7533,15,144,1,32,2,1,7,4,4,1,4,7
9493,15,840,53,804,23,71,17,1,5,4,8,3
2253,15,32,0,8,23,4,18,1,1,0,4,6
2326,15,32,0,8,23,4,18,1,1,0,4,6
1876,15,32,0,8,23,4,18,1,1,0,4,6
7141,15,88,10,46,2,3,64,4,5,1,2,10
7393,15,56,5,24,4,0,3,3,2,1,3,5
4713,15,74,0,42,2,1,6,2,2,1,4,7
5093,15,40,3,30,10,7,11,3,3,0,3,9
8524,15,40,3,30,10,7,11,3,3,0,3,9
3766,15,100,71,243,108,94,219,3,9,1,8,9
9725,16,8,0,3,0,0,1,1,1,0,2,8
8933,16,26,3,23,4,7,3,2,2,0,4,6
10779,16,15,5,14,0,4,11,1,1,0,3,7
9289,16,29,1,17,0,3,13,1,2,1,2,8
2613,16,162,6,37,6,13,13,2,1,3,6,1
10133,16,1302,68,731,89,114,45,0,6,7,12,2
8443,16,6,10,12,3,15,40,3,3,1,2,8
10796,16,47,1,6,0,0,12,1,1,1,3,6
10241,16,0,0,0,6,2,6,1,1,0,2,6
3388,16,129,26,67,3,67,2,5,6,1,5,7
6507,16,16,11,15,2,0,12,2,1,1,4,3
7446,16,520,42,98,0,42,14,2,6,4,10,6
87,16,0,7,5,26,2,17,2,2,0,3,7
10477,16,71,0,18,0,0,13,1,3,1,2,7
6072,16,918,57,842,99,38,133,1,5,8,6,3
2518,16,5,4,5,4,2,10,1,0,1,2,7
247,16,172,10,125,21,13,16,6,7,2,4,9
9463,16,931,56,253,91,98,14,4,9,5,7,5
1459,16,666,35,124,69,8,26,1,5,3,5,3
9530,16,5,3,4,4,1,0,1,1,0,2,8
9653,16,27,1,14,4,1,21,2,2,0,3,8
10785,17,24,1,10,2,0,4,2,2,0,3,5
9392,17,4,1,11,0,0,1,1,1,0,2,7
3769,17,25,1,13,0,0,3,1,1,0,3,7
10146,17,25,1,13,0,0,3,1,1,0,3,7
4741,17,391,32,70,21,32,16,2,6,2,9,5
1880,17,81,0,6,0,0,6,2,2,1,3,5
6471,17,14,2,30,8,2,3,1,2,0,4,5
5718,17,674,168,108,192,42,231,1,5,11,6,3
3478,17,267,42,309,55,42,21,10,7,4,9,5
7848,17,224,2,25,7,0,110,2,5,3,3,6
7999,17,1239,17,413,23,34,17,1,5,6,5,2
11101,17,412,22,132,59,28,183,1,11,6,8,4
9212,17,1205,0,235,19,14,205,6,6,3,13,7
10983,17,304,98,230,150,74,74,1,6,3,13,3
3629,17,76,3,31,4,4,27,2,3,1,3,7
4673,17,1004,12,145,32,12,36,3,10,3,5,5
796,17,584,44,212,46,8,177,3,11,4,8,8
618,17,422,7,238,69,46,15,1,7,2,12,4
380,17,1170,48,320,42,32,192,5,11,4,9,8
1092,17,269,129,495,182,43,29,4,9,3,4,7
8962,18,26,0,8,0,0,3,2,2,0,3,5
8207,18,28,0,9,3,0,0,1,1,0,3,4
6521,18,613,22,319,33,102,12,1,4,6,9,1
535,18,163,23,424,27,65,76,1,3,10,13,1
4608,18,163,23,424,27,65,76,1,3,10,13,1
11086,18,1,6,2,3,6,3,1,1,0,3,7
1064,18,22,1,11,0,5,3,1,1,0,3,8
7000,18,279,172,74,38,8,246,1,2,10,10,1
1581,18,2,0,8,2,2,3,1,1,0,2,8
7384,18,113,61,204,34,26,47,2,7,1,7,8
10552,18,70,54,109,80,9,45,2,4,1,7,5
6409,18,267,140,599,34,12,127,1,7,5,7,6
9507,18,261,23,73,4,23,50,2,6,3,5,7
9560,18,856,61,570,40,25,122,1,7,6,8,3
10991,18,454,194,106,31,22,43,1,5,4,4,2
4712,18,8,8,22,24,11,9,1,1,1,4,4
11056,18,546,91,410,119,0,22,1,3,4,10,1
7414,18,96,1,42,12,3,32,4,3,1,4,8
3076,18,452,18,102,16,18,6,4,4,2,12,3
6355,19,20,0,14,7,3,1,3,2,0,4,3
7959,19,658,80,483,123,13,13,1,3,2,5,1
5512,19,451,0,39,0,4,24,1,7,1,8,5
10102,19,395,183,565,166,141,28,1,5,11,5,3
9369,19,688,14,309,201,24,38,1,11,10,10,5
3711,19,1035,134,670,25,38,0,1,6,3,10,3
6931,19,464,151,292,65,60,30,1,8,3,4,4
9596,19,365,32,117,34,110,6,1,3,3,13,2
2727,19,181,21,69,39,3,96,1,3,3,6,3
8416,19,6,6,15,10,5,2,2,2,0,3,6
3967,19,331,197,170,58,152,35,1,2,8,13,1
2139,19,3,1,10,3,2,12,3,2,0,3,5
2162,19,256,34,103,90,29,49,2,3,3,10,3
9242,19,836,185,575,24,25,77,1,6,3,9,4
10595,19,2,6,28,13,4,16,1,2,0,3,7
4855,19,14,0,24,3,3,2,1,3,0,2,9
5049,19,14,0,24,3,3,2,1,3,0,2,9
4967,19,233,0,23,0,0,12,4,5,1,5,8
5255,19,5,1,3,3,263,362,0,27,0,0,1
9215,19,378,0,101,0,0,72,5,6,4,6,7
3525,19,12,0,4,0,0,1,1,1,0,2,7
3619,19,345,25,501,63,138,80,1,5,3,8,2
4415,19,10,4,4,3,3,14,3,1,1,3,7
3645,19,19,3,26,10,9,3,3,2,0,4,8
4692,19,7,0,12,13,7,32,5,4,1,2,9
3955,20,2,1,1,1,0,1,0,0,0,0,14
5313,20,30,0,11,0,0,3,3,2,0,4,5
7196,20,9,0,3,0,0,1,1,0,0,3,3
1381,20,172,3,115,16,0,18,5,6,1,5,8
10951,20,279,0,18,0,0,9,2,3,1,8,4
4322,20,881,38,319,16,25,12,1,4,5,10,2
7444,20,19,0,9,0,0,2,2,1,0,3,8
2942,20,305,3,27,4,3,144,2,5,4,4,5
2874,20,6,4,7,4,3,8,1,1,0,3,7
3667,20,778,178,689,41,27,44,1,8,5,11,8
3697,20,69,8,26,12,7,12,2,3,0,4,7
9955,20,69,8,26,12,7,12,2,3,0,4,7
5320,20,79,7,58,6,3,18,4,3,1,4,6
6422,20,344,189,482,50,33,172,1,5,6,5,2
3690,20,1184,102,673,52,40,40,1,7,4,10,6
2408,20,490,0,184,10,28,21,12,7,4,9,7
9260,20,1349,16,249,43,16,33,2,10,6,9,6
9648,20,153,4,56,0,9,31,4,5,1,4,8
4939,20,84,5,38,150,12,28,2,4,1,6,7
8652,20,84,5,38,150,12,28,2,4,1,6,7
4702,20,1000,155,379,224,17,120,1,4,8,4,8
2587,21,14,0,6,0,0,0,2,2,0,3,5
2811,21,52,0,9,0,0,1,2,1,0,4,4
9150,21,52,0,9,0,0,1,2,1,0,4,4
10127,21,301,11,61,4,7,11,1,8,2,4,7
5493,21,15,0,2,0,0,6,1,1,0,2,6
2666,21,519,50,167,130,0,41,1,8,3,11,3
10099,21,238,115,215,169,69,76,3,5,3,13,4
10562,21,620,26,195,34,17,141,1,6,4,13,2
7881,21,620,26,195,34,17,141,1,6,4,13,2
6721,21,572,19,286,50,38,248,3,6,3,5,3
5204,21,380,98,733,110,112,28,1,8,8,5,3
5209,21,443,5,71,21,16,82,2,8,2,7,7
10128,21,620,16,165,0,24,82,5,5,5,12,5
9284,21,620,16,165,0,24,82,5,5,5,12,5
8643,21,252,98,827,219,70,196,1,4,5,12,3
1685,21,796,14,590,38,44,0,1,4,5,13,3
2877,21,410,0,59,19,9,44,10,7,1,8,7
8369,21,1,2,7,4,3,11,1,0,1,2,8
6233,21,507,19,364,25,47,9,3,9,5,10,7
195,21,125,17,52,3,19,30,4,5,1,4,8
1501,21,55,16,1622,17,3,4,15,0,28,1,0
10846,22,327,9,125,25,4,139,6,7,1,8,7
8341,22,15,0,6,0,1,12,2,1,1,2,7
10766,22,397,19,69,12,0,9,1,4,4,8,2
9971,22,397,19,69,12,0,9,1,4,4,8,2
1740,22,760,38,104,50,9,38,2,7,3,4,4
8737,22,29,1,9,2,0,2,1,2,0,3,3
6466,22,105,0,9,2,1,4,3,2,1,4,3
10430,22,1126,28,211,37,28,42,3,4,3,4,5
8773,22,280,0,18,0,0,24,3,5,1,6,7
2371,22,39,1,22,3,4,12,3,2,0,4,7
7786,22,68,7,59,10,5,11,4,3,1,4,8
4088,22,108,1,28,13,1,4,2,3,1,4,8
4971,22,108,1,28,13,1,4,2,3,1,4,8
10560,23,16,1,2,0,0,1,1,1,0,3,5
6892,23,641,7,56,0,0,28,8,10,4,6,8
11004,23,8,0,5,7,0,2,1,1,0,2,4
1818,23,25,0,8,0,1,4,1,2,0,2,9
9485,23,102,9,49,24,3,12,1,2,1,6,4
6646,23,3,0,5,13,0,1,1,1,0,3,6
4248,23,1000,19,711,125,115,38,0,4,6,9,1
7451,23,1000,19,711,125,115,38,0,4,6,9,1
7861,23,820,57,242,45,0,11,2,8,3,6,4
5232,23,86,12,75,33,15,6,1,4,1,5,4
3011,23,86,12,75,33,15,6,1,4,1,5,4
5758,23,1074,0,69,0,0,46,1,10,4,13,6
2173,23,13,6,7,0,3,3,1,1,0,3,6
10711,23,217,77,373,111,23,93,1,3,6,12,1
8268,23,352,0,27,10,0,15,3,6,1,7,6
2782,23,352,0,27,10,0,15,3,6,1,7,6
9432,23,9,14,18,8,1,12,4,3,1,3,6
5872,23,240,90,216,63,6,24,4,4,4,10,3
11187,23,2,8,10,12,14,23,3,2,1,3,5
2428,23,3,18,26,11,8,12,3,2,0,4,7
1726,23,3,9,15,13,2,39,1,1,1,2,9
1802,23,412,5,119,38,29,77,3,3,3,12,2
1162,23,124,83,267,85,59,35,2,5,2,11,5
10643,23,124,83,267,85,59,35,2,5,2,11,5
11112,23,736,114,279,82,76,190,6,5,6,8,3
2114,23,1006,22,115,59,68,45,1,7,6,12,3
4261,23,1006,22,115,59,68,45,1,7,6,12,3
2457,23,8,4,5,15,2,11,2,1,0,3,7
2495,24,217,38,350,111,85,15,1,4,7,10,1
6983,24,23,2,17,2,1,0,2,2,0,3,7
3436,24,11,0,5,2,1,1,1,1,0,3,7
7505,24,22,1,9,0,0,14,1,1,1,2,4
4286,24,580,6,58,8,0,27,3,7,6,6,4
7224,24,10,0,10,3,1,7,2,1,1,2,8
6215,24,10,0,10,3,1,7,2,1,1,2,8
968,24,112,19,21,16,14,5,3,4,1,4,7
4096,24,112,19,21,16,14,5,3,4,1,4,7
3153,24,11,0,4,0,0,2,1,1,0,2,8
6504,24,2,5,9,28,6,28,3,2,1,3,5
5329,24,8,0,3,0,0,0,1,0,0,3,5
1175,24,88,39,54,64,28,153,1,3,5,3,6
1377,24,182,4,33,0,0,66,2,4,1,5,7
4607,24,227,23,389,42,21,75,1,4,5,7,2
4944,24,227,23,389,42,21,75,1,4,5,7,2
9483,24,290,59,177,77,5,29,7,4,6,8,3
1378,24,284,16,160,84,16,134,6,7,4,6,6
5991,24,173,2,39,3,2,47,3,5,1,4,7
2807,24,656,38,161,62,47,37,3,8,9,7,7
1052,24,656,38,161,62,47,37,3,8,9,7,7
9760,24,953,0,71,0,0,174,6,10,5,10,8
7101,24,953,0,71,0,0,174,6,10,5,10,8
9909,24,3,18,14,15,22,50,3,3,1,3,9
5907,24,8,0,8,0,0,2,1,1,0,2,8
793,24,18,3,17,3,0,4,1,2,0,3,9
8832,24,37,5,56,12,8,5,2,3,0,4,7
2535,24,163,0,480,0,126,75,1,6,5,8,9
1523,25,69,2,15,2,2,6,2,2,0,4,5
1839,25,56,7,48,10,2,18,1,3,0,4,7
9972,25,38,0,2,0,0,6,1,1,0,3,7
2945,25,38,0,2,0,0,6,1,1,0,3,7
9291,25,8,2,4,0,0,1,1,0,0,3,5
2829,25,626,0,70,0,7,28,2,9,3,8,6
8594,25,112,0,6,2,1,14,2,3,1,3,6
1592,25,547,99,812,151,82,33,0,4,6,5,1
4310,25,507,93,520,242,40,26,1,5,10,5,1
6950,25,35,1,16,0,1,1,2,2,0,3,7
8492,25,795,0,545,95,58,0,1,8,4,10,6
5684,25,56,0,9,0,0,3,2,2,0,3,7
5909,25,895,10,101,13,0,152,5,3,4,8,8
9855,25,899,0,101,0,0,20,1,6,6,13,4
975,25,178,4,26,8,4,44,5,4,1,5,6
8754,25,14,0,3,0,0,3,1,1,0,2,7
1456,25,265,199,303,234,9,170,7,10,2,12,7
2849,25,265,199,303,234,9,170,7,10,2,12,7
9984,25,349,16,144,28,5,182,5,8,5,4,8
5527,25,4,12,11,3,13,15,2,2,0,3,8
5628,25,848,154,323,201,61,78,1,10,3,10,6
7627,25,817,183,797,106,163,20,0,5,11,5,2
1351,25,962,12,194,16,24,12,4,7,8,13,6
10629,25,25,3,43,17,4,17,3,3,0,3,8
10395,25,1,45,3,4,6,42,3,3,1,3,8
6961,26,1,1,5,0,3,1,1,1,0,2,8
10196,26,212,123,177,15,64,23,2,8,2,8,4
6182,26,11,4,20,10,3,5,2,2,0,4,6
10432,26,2,0,9,3,6,2,1,1,0,3,8
1542,26,347,0,35,4,3,7,6,4,2,8,5
4220,26,73,0,13,0,1,0,1,2,1,3,3
4141,26,426,49,127,111,21,42,1,8,2,10,4
1940,26,1,3,4,2,2,6,1,1,0,2,8
1506,26,48,9,45,3,15,20,4,2,1,4,6
6347,26,1,1,4,11,9,10,1,1,0,3,8
1361,26,1076,68,103,29,91,68,1,3,4,8,1
9422,26,36,2,42,20,21,10,2,2,1,4,3
1081,26,733,9,180,12,19,66,11,6,3,5,4
7458,26,39,2,25,4,3,24,2,3,0,3,8
1012,26,523,7,134,37,14,169,4,8,2,10,7
5453,26,1083,108,649,253,151,108,1,4,7,12,2
6818,26,98,0,106,49,10,106,5,5,1,5,6
7807,26,98,0,106,49,10,106,5,5,1,5,6
7532,26,99,2,11,4,0,16,3,3,0,4,8
8346,26,138,15,35,25,11,72,2,6,2,2,9
5564,26,509,133,497,78,24,97,2,7,5,6,4
3267,27,527,0,21,0,0,60,3,8,1,8,6
3091,27,340,21,134,258,14,56,1,7,5,8,4
762,27,340,21,134,258,14,56,1,7,5,8,4
8029,27,1184,32,352,21,16,16,1,3,4,7,1
4376,27,10,24,15,13,1,30,1,2,1,3,7
10981,27,434,137,400,45,137,45,1,3,4,10,1
486,27,434,137,400,45,137,45,1,3,4,10,1
1158,27,102,1,15,2,0,24,1,3,0,4,7
9119,27,208,17,76,36,17,38,2,3,3,7,2
6694,27,438,66,400,12,38,114,1,8,3,13,4
10573,27,125,16,98,134,21,27,1,6,7,4,3
10140,27,1308,0,396,23,0,0,1,5,7,4,3
2286,27,64,1,21,0,1,27,2,2,1,3,6
8420,27,7,4,13,15,8,17,2,2,0,4,5
10065,27,7,4,13,15,8,17,2,2,0,4,5
1029,27,200,5,44,0,10,20,1,5,1,5,5
4207,27,1001,44,107,58,44,44,1,6,7,11,2
10277,27,36,0,2,0,0,4,1,1,0,3,7
4436,27,18,42,24,15,20,18,1,2,1,4,7
2929,27,18,42,24,15,20,18,1,2,1,4,7
6281,27,673,0,199,37,47,26,2,6,3,5,4
10390,27,6,7,4,3,4,6,1,1,0,3,6
2574,27,1050,12,144,0,0,24,3,6,4,8,5
709,27,787,20,204,0,0,92,3,2,2,11,8
5955,27,833,33,549,151,133,233,1,4,3,8,3
8486,27,284,0,52,8,3,20,4,9,0,4,10
10343,27,605,91,399,0,45,205,2,3,6,8,3
6652,28,227,151,573,98,54,31,1,3,4,9,1
8746,28,800,0,297,0,34,57,2,2,5,10,6
4686,28,861,31,558,62,95,79,0,6,5,13,2
3551,28,62,1,57,19,11,48,2,2,1,5,2
4338,28,23,0,9,0,0,12,1,1,0,3,4
4444,28,11,0,16,7,6,21,1,2,0,3,8
498,28,25,0,22,2,3,5,2,1,0,4,5
8230,28,22,2,31,7,4,5,1,2,0,3,7
2826,28,25,0,8,2,0,2,2,2,0,3,7
6222,28,25,0,8,2,0,2,2,2,0,3,7
7352,28,161,28,136,32,3,45,4,3,4,6,3
10928,28,315,4,62,41,31,146,2,7,1,7,5
10736,28,522,0,522,227,120,134,2,6,9,5,2
10163,28,712,50,420,65,38,38,1,8,4,7,4
6168,28,33,0,5,0,0,15,2,1,1,2,4
4656,28,342,32,230,34,32,40,5,10,5,4,9
626,28,22,2,12,0,2,5,1,1,0,3,4
3870,28,359,35,314,93,116,89,1,7,3,13,4
6299,28,324,48,186,39,18,198,6,6,8,4,7
7798,28,233,20,57,8,20,91,4,7,1,5,7
9973,28,370,9,92,6,9,4,3,7,1,8,7
4299,28,1001,17,572,93,125,17,7,11,11,5,7
10971,28,173,8,107,7,2,176,4,7,2,3,9
9931,29,5,0,1,1,1,1,15,0,0,0,19
6679,29,10,3,3,0,0,0,1,0,0,3,3
5961,29,8,4,20,6,3,16,1,1,0,3,5
6255,29,138,39,63,55,18,21,1,4,1,7,2
8614,29,245,19,125,37,67,14,1,4,2,10,2
7828,29,68,129,396,188,22,15,1,3,3,5,1
1277,29,434,22,388,104,22,34,1,10,7,10,4
3595,29,631,43,239,128,76,21,2,6,8,12,3
5735,29,1156,120,915,94,144,96,1,3,4,10,1
5350,29,1156,120,915,94,144,96,1,3,4,10,1
4137,29,398,40,367,119,122,30,1,7,4,4,4
6357,29,230,35,75,63,57,31,3,7,1,7,5
9316,29,2,0,7,3,7,10,1,1,0,3,6
3578,29,122,21,43,25,10,15,2,3,1,6,6
153,29,19,3,6,4,2,12,1,1,0,3,4
10524,29,386,23,95,54,41,196,4,2,11,5,2
1518,29,379,6,157,25,91,91,5,9,3,7,7
2036,29,243,11,119,10,3,15,3,4,2,8,4
9495,29,358,108,413,141,97,32,1,2,8,6,1
2631,29,358,108,413,141,97,32,1,2,8,6,1
6312,29,258,107,291,84,37,86,4,10,3,13,7
615,29,65,36,74,38,20,110,1,5,1,4,7
4406,29,846,84,352,91,56,42,4,9,4,8,5
10061,29,724,17,143,0,8,196,2,9,2,12,7
10619,29,770,29,890,250,27,24,1,7,3,7,3
4945,29,815,10,239,28,10,108,2,10,4,12,6
1777,29,2,2,11,41,7,11,1,2,0,3,8
4023,29,16,17,19,20,21,22,3,3,2,2,8
7922,29,819,0,72,12,0,63,2,11,2,10,7
10699,30,46,0,40,3,0,3,2,3,0,3,8
7516,30,5,3,11,12,5,9,1,2,0,3,6
3129,30,5,3,11,12,5,9,1,2,0,3,6
5121,30,479,5,82,7,17,171,2,7,6,5,5
2186,30,938,142,754,159,81,183,1,5,10,6,2
10548,30,283,17,372,138,106,44,1,3,8,12,1
6384,30,909,12,278,0,12,242,3,5,2,11,8
2625,30,156,29,56,30,32,47,2,3,2,7,3
1676,30,213,2,44,0,2,5,4,4,2,5,5
5534,30,123,1,26,2,0,72,2,3,2,3,7
6859,30,37,4,24,16,9,9,2,4,0,3,9
271,30,154,0,50,6,11,37,5,3,4,3,6
7699,30,154,0,50,6,11,37,5,3,4,3,6
7832,30,940,44,396,0,88,58,1,8,7,7,4
938,30,51,1,7,2,1,25,2,2,1,2,8
7873,30,141,11,114,15,14,5,4,4,1,7,5
9967,30,160,15,196,15,11,50,8,6,1,7,8
1087,30,16,14,36,37,22,48,3,4,1,2,9
8314,30,557,129,761,29,185,111,1,5,6,7,2
3762,30,196,0,512,33,130,54,1,3,5,8,1
10383,30,295,35,482,121,120,40,1,5,5,10,3
6798,30,231,7,137,4,15,39,9,5,1,8,7
4168,30,231,7,137,4,15,39,9,5,1,8,7
6690,30,38,4,22,4,2,20,4,3,1,3,7
10602,30,29,12,59,19,1,36,2,3,0,4,8
3220,30,29,12,59,19,1,36,2,3,0,4,8
5424,30,29,12,59,19,1,36,2,3,0,4,8
7488,30,420,15,186,151,38,15,3,5,3,13,3
5289,30,8,4,12,15,4,29,2,1,1,2,4
347,30,229,27,71,13,3,34,4,7,1,5,9
5236,30,1230,0,396,232,178,158,1,10,2,8,5
9478,30,91,64,128,65,3,50,2,4,3,6,3
477,31,1060,61,835,80,20,101,1,4,7,10,1
7411,31,11,0,5,0,0,1,2,1,0,3,6
3107,31,121,24,124,24,15,42,1,4,1,7,2
7437,31,13,0,8,2,1,5,1,1,0,4,3
255,31,17,0,2,0,0,2,2,1,0,3,6
3790,31,8,1,5,0,0,1,1,1,0,2,6
749,31,46,7,59,2,4,27,2,3,1,3,6
1503,31,85,1,16,2,1,2,0,0,0,1,1
8650,31,5,6,10,6,5,10,1,1,0,3,4
607,31,302,29,131,32,0,27,6,8,1,7,8
1008,31,728,17,133,11,8,124,1,7,3,13,6
9396,31,9,0,6,4,1,5,1,1,0,2,9
933,31,9,0,6,4,1,5,1,1,0,2,9
5710,31,110,0,5,2,0,3,2,2,1,4,5
2882,31,711,28,142,49,18,47,2,3,2,9,8
2379,31,778,44,499,95,73,146,2,3,4,5,7
5342,31,0,1,3,10,6,9,2,1,0,3,8
3262,31,995,112,417,42,48,41,1,2,9,13,5
5832,32,493,183,352,184,23,28,0,3,5,13,0
5025,32,23,17,23,43,20,9,1,2,1,4,3
569,32,704,129,853,120,74,111,1,5,6,7,2
3102,32,2,3,12,3,5,7,1,1,0,3,8
9449,32,415,5,124,15,35,11,1,5,2,11,3
8104,32,241,0,12,0,0,25,1,5,1,5,7
75,32,34,11,137,179,61,45,1,8,1,5,8
6421,32,1050,178,555,77,138,118,1,4,7,9,1
3037,32,135,46,92,65,61,11,2,5,2,7,5
4698,32,135,46,92,65,61,11,2,5,2,7,5
948,32,4,7,7,6,4,13,3,1,2,2,5
6177,32,76,10,56,3,1,23,2,4,0,4,8
3517,32,50,4,44,10,10,43,3,3,1,3,9
3491,32,384,60,364,119,101,232,4,11,6,8,7
7610,32,275,0,86,10,23,66,5,6,3,5,8
4377,32,254,10,44,30,10,227,2,7,3,3,7
9850,32,3,6,7,0,0,3,1,0,0,3,7
5544,32,957,40,175,158,53,107,2,7,8,5,5
6497,32,293,6,23,13,6,92,4,6,2,5,8
4543,32,777,129,573,216,21,203,1,2,7,9,4
5117,32,63,151,137,153,19,53,2,4,4,8,5
1448,33,21,12,12,0,3,3,3,2,0,4,4
6887,33,245,16,223,21,43,16,2,8,1,8,6
7500,33,245,16,223,21,43,16,2,8,1,8,6
2724,33,12,0,1,0,0,6,1,0,1,2,3
2256,33,17,0,3,0,0,1,2,1,0,3,6
1100,33,24,4,22,0,2,9,4,3,1,3,5
7725,33,173,26,255,35,71,81,1,4,4,7,1
2612,33,754,160,625,63,32,48,1,7,5,12,3
113,33,11,0,7,3,1,6,2,1,0,3,5
2868,33,20,1,28,3,3,2,3,2,0,3,8
4216,33,822,114,108,179,137,114,1,7,9,9,3
199,33,219,3,60,12,9,12,1,4,1,7,7
359,33,373,14,83,6,9,19,3,8,2,6,7
8842,33,15,0,12,7,3,7,3,2,0,3,7
2154,33,15,0,12,7,3,7,3,2,0,3,7
6050,33,1171,43,219,19,14,47,4,6,3,13,9
9204,33,371,159,194,58,106,141,4,4,3,6,3
4472,34,23,0,8,6,2,18,1,1,1,3,2
6864,34,8,4,10,2,2,4,2,3,0,3,5
10617,34,8,4,10,2,2,4,2,3,0,3,5
3924,34,801,0,80,0,0,35,5,8,3,12,5
5654,34,20,4,10,6,4,17,2,2,0,3,6
9216,34,23,2,11,3,1,4,2,2,0,3,6
8086,34,48,0,2,0,0,5,2,2,0,3,7
9097,34,244,8,32,7,2,50,4,3,1,8,4
7631,34,562,58,168,43,16,142,1,5,7,10,3
7275,34,79,1,31,4,4,12,3,2,1,4,6
8334,34,79,1,31,4,4,12,3,2,1,4,6
1987,34,1,10,11,19,3,15,2,2,0,3,6
2281,34,4,3,7,0,3,11,1,1,0,2,7
7034,34,8,7,9,13,6,12,2,2,0,3,8
2797,34,707,20,171,65,60,50,1,9,7,9,5
3934,34,356,0,107,19,9,117,2,7,1,8,5
2493,34,356,0,107,19,9,117,2,7,1,8,5
3759,34,743,19,181,12,0,200,2,7,6,11,5
965,34,235,65,164,50,49,27,4,7,3,7,6
7378,34,393,5,136,7,5,27,5,10,1,6,9
1859,34,721,111,925,97,18,18,1,7,6,5,5
6263,34,28,9,37,12,7,13,3,2,0,4,8
2072,34,896,10,101,13,10,34,6,4,2,9,9
8908,35,217,76,690,50,26,38,1,3,11,5,1
738,35,48,13,57,24,15,25,4,3,1,4,7
10129,35,482,147,509,104,107,107,1,3,5,12,1
807,35,167,2,89,0,0,34,6,6,1,4,8
3334,35,879,143,797,106,143,143,0,5,7,9,1
5423,35,6,0,5,2,1,2,1,1,0,2,7
4426,35,367,4,51,6,4,95,6,7,2,6,7
10489,35,693,21,925,31,24,84,1,6,7,9,2
2570,35,691,7,61,10,0,46,4,10,4,7,8
3834,35,231,161,215,171,30,53,2,8,2,11,5
590,35,816,66,549,216,66,99,1,5,6,4,3
4791,35,19,1,17,2,0,2,1,1,0,3,8
5304,35,24,0,8,0,0,1,2,1,0,3,6
2426,35,483,74,114,169,37,18,1,5,10,13,3
35,35,32,1,64,16,12,85,3,2,2,3,6
8041,35,595,71,153,120,112,41,6,3,2,10,9
3584,35,1181,26,120,17,13,39,2,5,10,5,8
7718,36,244,51,270,101,0,45,1,1,3,5,1
8605,36,48,0,14,0,0,6,2,2,0,3,6
1646,36,4,9,12,11,2,8,2,1,1,3,3
9206,36,491,48,231,112,105,134,2,5,7,12,1
10757,36,4,2,5,2,0,0,1,1,0,2,6
6885,36,38,0,12,3,1,1,1,2,0,3,7
907,36,254,6,71,4,0,27,5,5,1,7,5
1150,36,755,144,562,104,64,224,1,4,6,4,1
3867,36,410,112,420,0,82,71,1,9,3,13,4
3859,36,410,112,420,0,82,71,1,9,3,13,4
3265,36,21,1,9,7,3,5,1,1,0,3,6
4418,36,671,47,655,145,111,15,1,7,5,12,2
4611,36,1009,181,104,202,21,207,0,9,8,13,3
4530,36,972,19,595,180,26,138,3,3,7,10,3
7736,36,11,7,12,2,2,27,2,2,1,2,5
9949,36,598,16,141,32,41,49,3,3,3,6,8
942,36,139,13,78,20,13,36,3,7,1,3,9
6181,36,488,21,238,56,108,28,1,8,7,11,6
7660,37,15,0,8,4,2,20,2,1,1,2,5
2055,37,15,0,8,4,2,20,2,1,1,2,5
5107,37,15,0,8,4,2,20,2,1,1,2,5
1626,37,15,0,8,4,2,20,2,1,1,2,5
6428,37,605,10,345,84,54,32,1,1,8,7,0
9617,37,0,4,5,6,0,4,1,1,0,3,3
4339,37,702,17,151,0,8,35,5,5,6,12,2
7235,37,2,5,12,4,8,7,3,2,0,4,5
8527,37,239,7,119,4,15,11,5,6,2,6,7
1968,37,5,1,5,10,0,7,1,1,0,2,7
9862,37,1,6,7,11,5,3,2,2,0,3,6
11075,37,183,2,64,7,2,12,4,3,3,5,4
6658,37,771,51,154,54,10,154,7,11,2,12,6
4552,37,83,2,101,64,26,117,1,3,5,3,4
10377,37,170,6,97,24,12,88,3,6,1,5,6
5336,37,39,1,9,2,0,8,0,1,0,1,1
10350,37,33,0,5,0,0,0,1,1,0,3,4
11071,37,450,133,951,173,0,216,1,3,6,6,1
11100,37,51,2,7,0,1,2,2,2,0,3,7
6516,37,0,0,1,7,4,6,1,1,0,2,7
1734,37,59,0,11,4,2,5,4,3,0,4,7
2131,37,1063,89,102,16,12,25,4,9,4,6,6
6439,37,789,0,133,0,28,152,7,11,5,8,7
10591,37,63,10,83,7,19,19,2,4,1,4,7
9797,38,228,19,130,4,11,51,2,3,3,8,2
9336,38,512,0,83,0,0,41,3,6,2,10,4
2174,38,11,1,6,2,1,6,2,1,1,2,5
3197,38,275,59,107,69,101,59,2,6,4,8,4
9185,38,452,20,514,13,30,0,3,4,6,5,3
905,38,7,17,18,6,10,26,4,4,0,3,8
10858,38,355,30,177,90,138,30,4,9,5,7,5
8925,38,512,53,98,81,179,89,3,8,5,10,5
2499,38,204,97,97,21,118,26,1,5,2,10,4
1109,38,6,0,5,0,0,1,1,1,0,2,7
326,38,235,6,45,8,9,12,4,5,1,6,6
10967,38,33,6,40,3,7,10,3,2,0,4,7
5370,38,239,3,141,0,7,23,4,7,1,6,8
2098,38,11,0,5,0,0,1,1,1,0,2,8
1773,38,5,6,15,11,7,13,1,2,0,3,9
5036,38,252,3,42,4,3,102,2,4,5,3,6
4856,38,556,54,845,202,133,63,1,7,7,10,3
8722,38,556,54,845,202,133,63,1,7,7,10,3
2156,38,27,0,10,0,0,4,4,2,0,4,5
2569,38,3,14,17,6,1,5,1,1,0,3,8
10151,38,317,46,247,151,46,139,1,4,5,12,3
10473,38,158,19,288,25,0,38,1,6,4,9,7
7079,38,897,23,207,15,11,92,5,9,6,12,6
6875,38,167,13,180,86,13,70,2,7,3,5,8
6728,38,16,0,17,6,3,6,2,1,0,3,9
2471,39,48,58,68,16,66,43,1,3,2,6,2
49,39,2,3,6,4,1,9,1,1,1,2,7
4973,39,2,3,6,4,1,9,1,1,1,2,7
6387,39,42,0,17,0,0,18,3,2,1,3,5
5866,39,97,3,66,12,7,34,3,4,1,4,7
8523,39,24,1,16,12,2,5,3,4,0,3,8
7901,39,9,1,5,2,1,4,1,0,0,3,4
898,39,38,15,54,3,8,29,3,3,0,4,8
10242,39,56,0,11,0,0,8,2,2,0,4,5
5835,39,21,2,28,3,2,9,3,2,0,4,8
6919,39,4,7,15,13,9,15,3,2,1,3,6
6197,39,37,0,17,0,0,3,3,3,0,3,9
10475,39,187,5,65,26,20,14,2,4,2,6,5
4201,39,229,7,137,4,0,91,5,4,2,8,5
5092,39,380,0,47,6,0,34,4,7,1,7,8
6566,39,826,50,317,50,38,38,9,5,2,12,8
6613,39,513,7,133,46,14,14,6,8,4,8,8
9094,39,313,15,47,20,0,192,2,7,4,3,6
9847,39,313,15,47,20,0,192,2,7,4,3,6
10767,40,760,40,480,0,40,26,1,3,5,12,1
7943,40,18,0,6,3,3,5,1,1,1,3,2
1055,40,29,0,8,2,0,6,1,1,0,3,4
1458,40,8,3,19,3,3,8,3,3,0,3,6
8402,40,329,35,222,130,35,43,2,7,5,8,4
6246,40,703,102,601,0,58,43,1,3,11,8,1
4654,40,571,12,523,63,60,24,1,3,10,5,2
6103,40,40,15,15,17,6,7,1,2,1,3,4
8147,40,28,0,11,0,0,9,3,2,0,3,8
10207,40,5,1,8,0,0,1,1,1,0,2,8
4838,40,5,1,8,0,0,1,1,1,0,2,8
10219,40,6,2,15,6,6,3,1,1,0,3,8
2176,40,1218,16,272,104,0,80,2,5,3,6,6
9121,40,1218,16,272,104,0,80,2,5,3,6,6
5802,40,2,7,11,16,12,27,1,2,0,4,6
10790,40,9,0,5,0,0,7,1,1,0,2,8
178,40,478,0,193,110,75,117,4,8,3,11,5
2308,40,110,5,137,26,23,29,2,6,1,5,7
7431,40,1332,17,311,23,51,86,1,7,4,5,9
9405,40,84,3,61,2,1,21,3,3,1,4,7
10525,40,10,0,8,0,0,9,1,1,0,2,9
7503,40,1032,105,779,137,105,51,0,5,8,9,4
8783,40,296,13,104,11,13,17,3,4,2,9,3
1403,40,8,4,15,3,5,3,2,1,0,3,7
4643,40,8,26,46,38,9,49,2,3,0,4,8
3463,41,674,62,134,0,26,8,4,7,3,13,5
4055,41,2,10,11,12,9,20,2,3,0,3,6
7010,41,635,114,254,132,152,76,1,6,6,7,3
4767,41,635,114,254,132,152,76,1,6,6,7,3
1927,41,399,27,159,58,8,39,4,4,4,5,2
437,41,294,142,218,164,58,151,1,3,8,11,1
4331,41,913,26,376,17,26,13,1,3,6,11,1
4084,41,224,155,155,192,93,54,2,6,4,11,4
8135,41,7,4,23,7,0,11,1,1,0,3,7
9750,41,731,60,353,78,12,73,5,10,3,5,7
6682,41,2,8,1,4,7,15,1,1,0,3,8
10581,41,281,7,84,15,0,119,7,7,3,4,8
3710,41,19,0,35,6,4,17,2,2,1,2,7
5207,41,489,6,152,8,6,132,10,9,4,6,8
9360,41,86,2,73,69,38,48,1,4,2,5,8
4679,42,721,0,152,119,50,50,3,7,6,12,4
1340,42,551,137,792,179,103,33,1,6,7,13,1
10839,42,6,5,5,8,0,5,2,1,0,3,4
5303,42,471,0,510,99,21,12,1,6,4,9,2
9829,42,22,4,17,12,10,13,3,2,0,4,6
10469,42,519,71,860,93,27,53,1,6,2,9,2
3602,42,140,3,29,4,5,14,2,3,2,4,4
4756,42,176,29,818,0,33,112,1,7,6,11,4
8181,42,51,12,49,17,24,24,3,4,1,3,8
6958,42,14,0,4,0,0,8,1,1,1,2,6
10856,42,31,0,6,0,1,8,1,1,0,3,6
3321,42,421,5,90,0,16,10,3,7,3,7,5
5394,42,3,9,4,7,8,7,4,1,1,4,3
433,42,534,5,47,0,5,41,5,11,1,6,8
6320,42,768,44,561,77,44,14,1,6,6,10,3
5376,42,1,1,1725,1,1,1,15,0,28,0,1
1867,42,652,48,350,94,84,108,1,9,3,6,5
4324,42,235,0,235,19,4,191,5,8,1,7,8
3661,42,594,51,631,72,55,32,1,4,6,8,2
521,42,174,77,203,6,24,97,2,8,1,7,7
10403,43,2,13,6,7,5,11,3,3,0,3,7
7186,43,24,0,2,0,0,9,2,1,1,2,5
4329,43,6,0,6,2,1,1,2,1,0,3,7
4394,43,1142,29,249,38,29,14,1,5,5,12,2
1717,43,80,15,93,20,13,52,3,5,1,4,8
1016,43,41,1,6,2,0,5,2,2,0,3,6
3783,43,105,0,10,0,1,0,2,2,1,4,5
5848,43,724,74,929,97,55,130,1,5,6,7,2
10727,43,1181,107,199,39,30,30,2,7,3,13,8
5299,43,1181,107,199,39,30,30,2,7,3,13,8
6872,43,284,3,84,4,7,23,2,4,2,8,4
1143,43,7,10,13,3,11,11,2,2,0,3,7
10381,43,14,0,3,0,0,4,1,1,0,2,6
11007,43,26,0,6,0,0,2,1,1,0,3,8
9145,43,604,26,470,123,161,94,2,5,9,6,2
5267,43,16,2,18,2,1,5,1,1,0,3,7
9738,43,65,4,16,0,4,11,1,3,0,3,8
10212,43,65,4,16,0,4,11,1,3,0,3,8
10010,43,100,2,16,2,1,31,4,3,2,2,9
10069,43,2,7,5,2,15,27,1,2,0,2,9
2694,44,21,0,3,0,0,0,1,1,0,3,6
10613,44,26,1,16,2,2,15,4,3,0,4,4
4646,44,207,26,447,75,0,223,1,5,7,12,2
6935,44,207,26,447,75,0,223,1,5,7,12,2
5596,44,513,14,154,19,0,28,1,9,2,9,6
1044,44,299,5,201,21,21,49,3,5,4,8,4
9274,44,525,147,112,219,147,63,1,6,7,9,2
9076,44,155,1,25,0,1,3,4,4,1,4,8
4947,44,606,24,974,197,194,64,1,7,7,9,4
10176,44,159,0,120,0,0,137,7,4,4,8,8
3507,44,676,161,426,210,44,58,2,2,5,5,6
9235,45,7,0,8,2,0,1,1,1,0,2,7
10341,45,68,28,39,16,30,41,1,2,2,5,2
2639,45,19,5,12,10,3,19,3,3,1,2,6
6201,45,22,2,14,0,1,10,2,2,0,3,7
7397,45,494,5,82,7,0,100,3,7,2,9,7
2181,45,353,61,753,40,46,27,1,3,3,7,2
1204,45,1253,0,447,23,71,35,3,11,5,11,8
1170,45,50,15,110,39,15,15,4,5,1,4,8
8812,45,12,3,8,8,0,17,2,2,0,3,7
4690,45,443,10,75,0,10,48,4,8,1,8,8
1715,45,9,4,18,7,5,5,2,2,0,3,7
10821,45,182,4,33,0,2,42,6,4,1,5,7
6543,45,521,168,706,80,76,61,1,3,6,4,2
7119,45,395,15,263,60,54,38,1,2,3,6,1
3518,45,10,1,18,10,4,7,1,1,1,2,9
1245,45,977,12,253,16,12,101,4,4,3,12,8
2561,45,977,12,253,16,12,101,4,4,3,12,8
9624,46,603,45,207,36,18,54,1,3,4,6,1
10509,46,51,0,16,0,0,4,2,3,0,3,8
7629,46,5,3,9,6,2,6,2,2,0,3,7
7875,46,967,0,617,43,50,0,1,4,8,13,2
2815,46,7,5,39,17,15,37,2,4,0,3,7
2936,46,18,0,4,0,0,1,1,1,0,3,7
3665,46,1,9,8,11,3,22,3,3,0,3,8
10888,46,273,11,178,62,83,29,2,8,4,6,6
6637,46,277,162,305,173,76,124,1,3,4,7,1
5077,46,425,115,292,23,35,79,1,6,6,11,3
6173,46,425,115,292,23,35,79,1,6,6,11,3
3969,46,35,4,17,7,6,64,1,2,2,2,5
4580,46,1394,22,708,89,91,182,1,9,7,9,5
663,46,40,2,15,8,0,6,1,1,1,3,4
8299,46,40,2,15,8,0,6,1,1,1,3,4
8945,46,171,0,11,0,1,20,2,4,1,4,6
10870,46,709,43,182,42,118,247,2,9,3,4,5
1184,46,554,41,215,11,0,24,3,10,2,10,5
6141,46,191,9,97,0,6,82,2,6,1,5,7
8825,46,230,14,156,82,24,58,8,9,2,5,8
2217,46,11,1,2,2,1,6,1,0,0,3,6
4102,46,11,1,2,2,1,6,1,0,0,3,6
4653,46,131,0,16,2,1,39,4,3,1,4,8
10092,46,1073,0,250,153,14,14,4,7,10,5,5
5788,46,56,10,92,19,7,25,3,3,2,4,5
4669,46,4,19,9,28,25,17,3,3,0,4,7
6295,46,652,8,158,21,0,142,4,11,6,5,8
7453,46,157,43,127,68,56,37,6,3,8,4,4
10841,46,226,22,133,41,31,31,3,4,3,8,4
821,46,962,61,921,52,61,20,1,5,4,12,2
3933,46,186,36,234,86,72,48,6,10,2,6,9
1225,47,483,84,398,205,84,241,1,3,7,8,1
7059,47,483,84,398,205,84,241,1,3,7,8,1
5633,47,97,12,84,13,10,15,7,3,1,6,5
843,47,303,0,280,60,147,15,4,8,2,11,6
6211,47,18,0,9,0,1,11,1,1,0,3,6
7007,47,17,3,18,3,4,18,2,3,1,2,7
9671,47,14,3,21,2,1,28,4,3,1,2,8
8975,47,14,3,21,2,1,28,4,3,1,2,8
6616,47,178,3,85,71,66,58,2,3,3,8,2
6248,47,1276,24,746,94,29,48,0,9,7,11,3
7428,47,240,132,445,250,192,108,1,3,7,8,1
3075,47,130,30,168,20,34,0,1,3,4,7,1
2937,47,614,16,132,43,33,33,3,8,5,9,6
203,47,1288,20,613,80,61,27,1,5,7,9,2
2021,47,563,76,384,84,192,89,4,6,10,13,4
880,47,2,23,11,8,6,46,1,2,1,2,8
524,47,2,23,11,8,6,46,1,2,1,2,8
10837,47,2,1,18,20,11,16,1,2,0,3,6
7011,47,43,2,27,0,9,12,3,3,0,4,7
4184,48,189,2,29,3,2,40,2,3,2,5,4
7679,48,6,3,12,6,1,0,1,1,1,3,3
7485,48,67,4,32,17,2,16,3,2,1,4,4
7530,48,67,4,32,17,2,16,3,2,1,4,4
4369,48,240,67,500,199,0,163,3,3,5,6,2
10652,48,240,67,500,199,0,163,3,3,5,6,2
286,48,95,11,35,0,4,7,4,2,1,5,6
5922,48,210,0,6,0,0,2,2,4,1,5,7
7250,48,344,35,178,15,23,17,7,7,2,9,6
2478,48,2,2,4,13,13,4,1,1,0,4,4
1160,48,9,4,17,10,2,7,4,3,0,3,8
9214,48,179,2,64,38,17,58,1,5,1,6,5
273,48,130,0,16,0,0,5,5,3,1,4,7
851,48,306,5,109,21,109,92,9,5,2,10,6
9729,48,189,10,253,56,43,64,6,8,2,7,7
9665,48,267,3,30,4,0,57,4,5,2,5,6
2620,48,14,0,2,0,0,7,1,1,0,2,8
8254,48,14,0,2,0,0,7,1,1,0,2,8
3852,48,505,72,270,36,27,54,4,9,2,12,5
1000,48,505,72,270,36,27,54,4,9,2,12,5
3099,48,183,5,65,3,5,49,5,5,2,4,9
6318,48,758,12,385,33,89,89,1,9,7,13,4
5396,48,758,12,385,33,89,89,1,9,7,13,4
7966,48,505,137,401,104,22,22,3,11,5,11,5
454,48,824,32,162,42,32,43,2,11,4,11,6
309,48,918,21,118,13,10,21,3,8,3,5,6
3571,48,918,21,118,13,10,21,3,8,3,5,6
8395,48,980,37,265,35,163,31,1,3,6,12,6
2591,49,526,35,214,69,53,35,2,6,3,4,2
1640,49,66,0,16,0,6,20,2,1,1,4,3
810,49,151,81,86,168,91,64,2,4,2,11,2
9423,49,13,3,17,7,3,3,2,2,0,4,5
4345,49,5,1,9,2,0,4,1,1,0,2,7
89,49,5,9,20,6,8,21,2,2,0,4,6
5294,49,6,8,19,16,4,4,3,3,0,4,7
1321,49,22,2,18,0,2,12,3,3,0,3,8
2686,49,0,1,4,15,1,5,1,1,0,2,7
1215,49,690,117,499,76,102,88,1,5,10,7,3
9283,49,8,1,7,2,0,0,1,0,0,3,4
3120,49,6,1,10,0,1,4,1,1,0,2,8
5868,49,2,4,9,10,5,16,2,1,0,3,7
8143,49,202,2,46,3,2,10,2,4,2,5,7
3479,49,4,8,11,12,2,13,1,2,0,3,7
7214,49,792,0,275,45,45,126,1,4,8,5,3
5543,49,545,7,114,37,21,78,5,7,2,11,5
9347,49,31,0,7,2,0,6,1,1,0,3,5
10160,49,31,0,7,2,0,6,1,1,0,3,5
1406,49,280,7,81,20,0,27,8,6,3,5,7
7019,49,109,18,16,24,26,18,4,3,1,5,4
2157,49,15,8,16,11,5,22,4,2,0,4,6
8939,49,382,138,65,60,26,59,6,5,2,12,5
10250,49,1,5,3,7,4,8,1,1,0,2,7
1272,49,664,58,83,32,0,66,4,7,5,10,5
3007,49,27,2,10,0,0,1,2,1,0,3,8
5513,49,27,2,10,0,0,1,2,1,0,3,8
679,49,13,4,20,0,0,1,2,1,0,3,9
8876,49,132,0,16,0,0,4,5,3,1,4,9
10827,49,88,3,21,4,1,29,4,3,0,4,9
7300,50,448,4,34,6,4,39,3,8,1,7,5
4268,50,129,0,21,0,1,7,1,3,1,4,4
4603,50,371,32,189,0,58,6,2,5,4,10,4
8659,50,750,71,174,13,10,20,2,6,8,11,2
10708,50,10,6,11,0,4,2,1,1,0,3,7
1176,50,2,6,4,3,1,9,1,1,0,2,8
10380,50,40,1,40,4,3,18,1,3,0,3,8
7037,50,194,55,134,15,0,3,3,4,2,8,6
11096,50,99,4,32,37,54,6,2,2,1,7,2
6374,50,223,2,31,0,2,39,5,5,2,4,8
5552,50,81,18,113,47,13,21,6,4,2,5,6
2245,50,57,2,51,4,2,23,3,2,1,4,6
6200,50,340,108,185,130,38,100,2,6,6,9,3
9904,50,336,123,274,46,123,141,5,6,5,12,3
10031,50,20,2,23,3,1,4,5,3,0,4,8
6642,50,30,5,22,8,9,28,4,2,1,4,6
10882,50,407,53,221,58,150,26,4,4,3,6,4
5636,50,51,4,50,12,1,49,1,4,0,3,8
8692,50,90,17,97,15,6,15,6,4,1,5,8
8091,50,423,184,368,13,97,21,1,6,4,6,5
8080,50,5,1,6,3,4,3,1,0,0,3,4
8370,50,378,97,259,197,194,34,2,7,3,6,4
4550,51,61,0,3,0,0,7,1,1,1,3,5
3381,51,70,0,16,0,0,4,2,2,0,4,6
10556,51,173,13,131,32,3,6,4,6,1,6,7
9467,51,3,2,10,3,0,2,1,1,0,3,6
2891,51,595,23,123,10,23,154,2,8,9,4,6
5011,51,595,23,123,10,23,154,2,8,9,4,6
8140,51,10,14,29,4,2,36,3,2,1,4,4
11039,51,82,33,54,71,30,41,2,5,2,4,5
78,51,15,0,11,0,2,9,1,1,1,2,8
5517,51,15,0,11,0,2,9,1,1,1,2,8
5290,51,220,0,33,3,0,23,5,5,1,5,8
4128,51,517,12,54,16,6,120,2,7,4,7,5
8534,51,615,28,259,12,48,30,4,6,5,13,4
9592,51,11,2,9,3,0,8,2,2,0,3,8
8957,51,480,86,249,75,86,144,8,6,3,5,6
9308,51,398,61,265,138,61,53,1,3,4,6,1
544,51,398,61,265,138,61,53,1,3,4,6,1
5989,51,752,122,476,39,153,34,1,10,2,11,8
635,51,464,5,64,7,0,70,8,9,1,7,8
6673,51,28,6,27,12,17,39,1,3,0,3,8
1710,51,154,20,66,0,12,27,7,6,1,4,9
523,51,23,0,26,7,15,3,1,2,0,4,5
8977,51,1,3,4,2,3,11,1,0,0,3,4
9736,51,53,5,19,2,13,4,3,3,0,3,8
1544,51,741,68,689,224,68,103,1,4,2,10,2
6575,51,230,48,214,13,32,75,8,9,1,7,9
6147,51,5,2,8,2,2,9,1,0,1,2,7
6354,51,5,2,16,3,2,19,2,1,1,2,8
4769,52,456,4,24,0,0,9,7,8,2,6,7
7540,52,143,15,60,24,23,5,2,2,1,8,2
5247,52,31,0,6,2,1,5,2,1,0,4,4
5987,52,2,2,11,10,6,12,2,1,0,4,5
9960,52,0,0,1,8,3,2,1,1,0,2,7
10972,52,625,35,169,58,17,35,1,4,3,6,1
1399,52,407,114,445,181,165,203,1,3,7,9,1
2698,52,254,7,108,20,0,26,3,6,3,5,6
6340,52,3,3,7,0,2,11,2,1,0,3,6
4107,52,269,15,69,15,19,38,2,4,6,4,5
10906,52,269,15,69,15,19,38,2,4,6,4,5
2557,52,7,1,6,3,1,11,1,1,1,2,4
8786,52,301,7,74,10,0,58,4,6,1,7,6
7187,52,375,42,48,94,66,96,7,4,10,4,3
6119,52,10,0,3,0,0,4,1,1,0,2,6
2980,52,12,0,13,4,2,4,4,3,0,3,8
3850,52,3,3,3,15,4,15,1,1,0,3,6
1077,52,258,105,239,237,172,9,1,7,3,4,4
9733,52,1,4,10,29,0,36,1,1,1,2,6
8462,52,1,4,10,29,0,36,1,1,1,2,6
4764,52,45,12,52,25,22,13,4,3,1,4,7
2223,52,1215,33,249,64,116,149,8,8,9,8,6
7788,53,6,0,3,0,0,1,1,0,0,3,3
5827,53,36,0,12,2,2,10,4,3,1,3,5
2958,53,19,3,10,11,8,6,3,2,1,4,4
4954,53,106,27,68,52,7,5,6,4,2,5,6
3139,53,871,111,704,145,55,166,1,4,4,10,2
9952,53,368,32,639,13,43,10,1,4,7,5,1
8180,53,233,2,53,3,5,14,3,6,1,5,6
3276,53,11,12,35,3,5,12,1,3,0,3,7
4994,53,1193,33,281,129,66,33,1,7,5,13,3
3598,53,441,35,83,7,29,11,4,4,2,12,4
945,53,87,3,25,3,2,13,2,3,0,4,7
5048,53,20,6,43,19,5,38,1,3,1,2,8
6214,53,14,10,29,4,7,15,1,2,0,3,6
6230,53,110,5,59,7,1,7,5,5,0,4,8
2968,53,437,8,206,160,49,42,2,7,10,5,6
8800,53,437,8,206,160,49,42,2,7,10,5,6
1907,53,965,69,279,54,41,69,5,8,4,9,7
10478,53,483,0,108,0,6,36,5,11,1,6,9
4188,53,204,5,39,17,0,89,3,5,2,4,8
8720,53,32,2,1607,12,4,22,0,0,0,1,0
2225,54,510,120,550,156,40,241,1,4,9,7,1
4790,54,574,8,216,21,16,33,1,4,3,5,1
1131,54,85,0,3,0,0,7,1,2,0,4,3
202,54,332,194,377,149,125,57,0,4,6,7,1
9589,54,332,194,377,149,125,57,0,4,6,7,1
3900,54,642,14,49,0,7,57,1,9,2,9,5
9958,54,642,14,49,0,7,57,1,9,2,9,5
8955,54,35,0,4,0,0,10,1,1,1,2,5
10033,54,2,3,10,11,2,10,1,1,0,3,6
5751,54,2,3,10,11,2,10,1,1,0,3,6
3308,54,30,9,12,2,11,30,3,2,0,4,4
7297,54,5,3,10,12,7,20,4,3,1,3,7
8008,54,46,0,30,12,1,30,1,2,0,4,6
1232,54,587,54,348,71,54,130,1,4,4,8,2
2345,54,587,54,348,71,54,130,1,4,4,8,2
1628,54,354,21,311,167,75,32,1,9,3,4,4
5081,54,9,0,16,6,6,10,1,1,0,3,8
839,54,97,4,44,6,1,18,1,3,1,4,5
3706,54,19,8,29,0,12,26,1,2,2,2,7
5154,54,26,3,13,2,10,0,1,2,0,3,6
8584,54,376,53,462,168,53,53,1,2,7,7,0
6583,54,390,22,323,104,35,107,1,6,8,6,3
3433,54,390,22,323,104,35,107,1,6,8,6,3
10486,54,476,75,162,29,151,97,1,4,4,8,2
8687,54,121,62,90,68,20,125,3,2,3,8,3
7842,54,18,7,34,10,2,3,3,3,0,3,8
3749,54,627,91,597,159,91,15,1,6,5,12,3
1331,54,12,6,20,30,1,3,2,2,0,3,7
5995,54,165,3,147,4,24,41,7,6,2,5,8
8985,54,806,80,161,120,11,33,5,10,7,10,6
2798,54,763,29,138,76,176,58,0,7,9,10,4
7108,54,205,20,47,23,2,56,6,5,2,5,5
2781,55,1003,34,536,134,51,34,1,4,6,6,2
3623,55,4,0,16,17,4,4,3,4,0,3,7
194,55,23,0,11,3,2,2,1,1,0,3,6
10833,55,790,19,133,12,0,19,3,8,3,13,6
2315,55,10,0,11,17,29,29,1,1,2,2,4
6336,55,13,2,14,8,7,4,4,2,0,4,6
10738,55,40,0,19,2,1,3,1,2,0,3,7
8286,55,98,1,17,0,1,5,1,3,0,4,7
2166,55,12,1,3,0,0,7,1,0,1,2,4
10691,55,11,0,10,0,2,20,1,1,1,2,6
9739,55,62,0,22,3,1,26,2,2,2,2,7
1829,55,1148,0,60,0,0,24,3,9,5,4,7
6260,55,984,51,432,180,120,190,1,3,10,13,1
10448,55,172,41,86,45,6,27,5,5,3,5,7
1343,55,368,24,68,38,0,88,6,8,2,6,7
4749,55,368,24,68,38,0,88,6,8,2,6,7
531,55,941,14,397,76,58,176,11,8,5,9,6
6905,55,241,45,604,34,26,54,1,6,4,10,2
1045,55,112,10,107,30,0,20,2,5,2,4,7
4012,55,799,12,375,16,12,12,5,7,6,5,6
5529,56,406,0,30,0,0,8,7,8,2,5,7
4001,56,406,0,30,0,0,8,7,8,2,5,7
10420,56,95,14,64,2,9,38,1,4,2,3,7
7723,56,709,93,374,104,80,80,1,8,6,6,3
2963,56,709,93,374,104,80,80,1,8,6,6,3
10634,56,90,67,165,30,43,11,1,4,2,8,3
5180,56,128,0,16,0,1,4,2,4,0,4,7
6866,56,8,0,14,2,3,7,1,1,0,3,5
1328,56,261,42,144,55,48,133,3,4,4,9,3
1139,56,1050,14,322,0,14,112,1,5,11,5,2
4961,56,29,0,25,2,2,3,4,2,1,4,4
5177,56,298,7,68,4,0,19,2,6,2,6,6
2075,56,377,10,540,80,30,10,1,3,5,7,1
3428,56,919,0,505,99,30,45,1,4,9,10,2
4500,56,919,0,505,99,30,45,1,4,9,10,2
7369,56,25,6,25,6,0,0,2,2,0,3,8
4381,56,163,2,40,8,11,11,7,3,1,6,6
9964,56,162,50,100,55,30,27,1,4,2,8,4
1630,56,162,50,100,55,30,27,1,4,2,8,4
5012,56,5,4,13,8,0,4,1,1,0,3,8
6918,56,5,4,13,8,0,4,1,1,0,3,8
7822,56,198,18,252,32,108,54,2,4,6,8,3
10156,56,215,63,507,231,31,190,1,8,4,7,3
3033,56,112,17,44,34,22,89,1,2,5,3,3
4119,56,112,17,44,34,22,89,1,2,5,3,3
11110,56,2,1,1,0,0,1,0,0,0,0,14
332,56,198,2,43,0,12,20,3,4,1,6,6
737,56,1493,86,454,112,43,43,2,4,4,5,2
10319,56,1090,12,96,16,12,60,4,3,4,11,8
2683,56,295,106,271,75,98,65,4,6,4,12,6
3445,56,216,162,224,101,92,162,2,7,4,10,5
10913,56,3,2,12,0,1,9,1,1,0,2,8
4427,56,536,27,590,38,107,67,1,5,10,12,6
8717,56,1149,71,449,69,71,26,1,11,8,8,5
2066,56,70,0,11,2,8,23,1,2,1,3,6
3340,56,244,15,108,4,15,50,6,7,1,6,8
8685,56,244,15,108,4,15,50,6,7,1,6,8
4149,57,586,66,653,17,0,26,1,5,9,6,2
8726,57,77,8,44,10,10,25,5,3,1,4,6
2295,57,539,30,92,80,46,38,1,5,3,13,3
3283,57,200,193,100,46,185,185,2,6,2,12,3
1915,57,794,115,243,150,0,205,1,8,5,6,3
800,57,23,1,6,0,0,2,2,1,0,3,4
9166,57,387,84,141,73,35,162,3,4,4,12,2
5147,57,774,70,118,182,187,93,1,4,9,13,1
13,57,19,0,5,0,0,8,2,1,0,3,6
8557,57,11,3,22,2,2,6,2,2,0,3,6
8724,57,11,3,22,2,2,6,2,2,0,3,6
9381,57,328,9,124,12,24,109,7,4,2,10,3
9384,57,328,9,124,12,24,109,7,4,2,10,3
3560,57,901,31,345,75,31,191,1,4,4,11,1
241,57,901,31,345,75,31,191,1,4,4,11,1
7521,57,901,31,345,75,31,191,1,4,4,11,1
9799,57,866,21,151,28,21,86,3,2,2,12,5
5123,57,37,12,23,8,11,52,1,2,1,3,7
448,57,308,85,137,102,45,118,2,6,2,11,5
4837,57,753,43,226,69,10,204,2,8,5,13,4
9365,57,1048,0,217,0,0,12,5,11,3,5,6
8932,57,960,28,183,220,70,70,4,9,6,6,6
7055,57,888,0,57,0,0,76,2,8,5,11,5
3537,57,31,3,31,2,8,4,3,3,0,4,8
9081,58,4,1,6,4,1,9,1,1,1,2,5
4988,58,19,6,20,0,5,12,3,1,1,4,4
1050,58,14,10,13,4,15,9,1,2,1,4,2
5610,58,7,3,10,8,1,7,2,1,0,3,7
3526,58,32,0,5,0,0,1,2,1,0,3,7
5136,58,654,7,92,0,15,30,7,9,4,8,6
1411,58,204,34,204,172,153,173,1,2,9,4,1
701,58,707,21,250,85,43,73,2,6,2,8,2
6203,58,499,149,815,173,49,49,1,6,7,12,3
7192,58,172,73,93,95,78,34,2,2,4,10,1
5181,58,2,4,2,0,11,5,1,1,0,2,9
9220,58,576,172,961,125,115,19,1,8,6,5,3
7734,58,471,102,125,212,61,245,1,4,10,7,1
10446,58,184,23,446,30,23,23,1,5,4,7,2
5524,58,635,88,546,172,88,88,3,8,10,4,7
3830,59,295,21,78,39,13,13,1,4,4,7,3
5186,59,576,7,115,19,7,7,2,7,4,9,6
8514,59,8,0,7,3,1,1,1,1,0,3,6
7165,59,381,35,172,56,86,93,2,8,2,10,5
10236,59,16,3,25,6,1,13,2,2,0,3,8
2392,59,44,4,21,6,0,27,2,3,0,3,7
1920,59,44,4,21,6,0,27,2,3,0,3,7
3673,59,371,17,238,23,24,106,3,7,5,11,5
1453,59,735,40,183,52,20,30,2,9,3,13,6
4518,59,386,172,183,185,132,111,2,9,5,11,5
8969,59,548,31,422,0,112,28,4,5,5,11,3
387,59,6,16,11,11,1,16,1,2,0,3,8
1079,59,1000,0,76,0,0,10,3,3,4,9,8
164,59,206,0,46,3,2,12,2,5,1,5,8
3434,60,483,72,567,94,12,108,1,4,4,10,1
5721,60,611,76,749,59,45,26,1,7,10,6,2
8418,60,7,10,17,8,6,13,2,2,0,3,7
5300,60,19,7,19,0,1,24,1,2,1,2,7
10424,60,265,138,553,224,23,92,1,4,4,9,1
11171,60,292,3,77,10,3,26,7,6,3,5,7
1600,60,292,3,77,10,3,26,7,6,3,5,7
7851,60,161,0,253,199,191,122,1,3,7,11,1
10701,60,713,0,264,120,80,34,1,7,8,12,4
891,60,6,0,2,2,0,1,1,1,0,2,5
6912,60,593,30,91,29,22,7,1,6,3,12,4
5967,60,26,2,19,10,5,8,3,2,1,3,8
2109,60,448,71,951,40,17,17,1,6,11,10,2
6292,60,1311,0,359,46,89,17,1,4,3,10,2
8537,60,526,80,553,123,94,53,1,3,10,7,2
9576,60,86,4,56,2,4,7,3,4,0,4,9
5935,60,547,7,140,0,7,63,3,7,5,8,5
10264,60,1,2,8,4,3,13,2,1,1,2,7
234,60,1,2,8,4,3,13,2,1,1,2,7
3202,60,1166,0,48,0,0,36,1,4,4,10,8
1103,60,1486,55,278,49,0,185,2,4,4,10,6
610,60,349,4,78,6,0,43,8,7,2,6,8
4480,61,365,3,15,4,3,11,5,7,2,5,6
10660,61,349,7,35,0,0,47,3,8,2,4,7
9353,61,515,47,267,62,66,38,2,5,5,4,3
4120,61,88,39,78,58,13,93,2,6,1,4,7
2836,61,10,1,7,0,0,1,1,1,0,2,8
9579,61,53,1,34,2,0,16,3,2,2,2,8
5841,61,606,7,155,10,0,54,5,10,3,8,7
3174,61,1492,38,287,50,57,33,1,5,10,4,6
5536,61,1492,38,287,50,57,33,1,5,10,4,6
2061,61,78,0,11,0,0,10,1,2,0,4,6
8477,61,5,1,13,3,5,1,1,1,0,3,7
640,61,356,80,329,138,17,106,2,7,6,10,5
3828,61,533,10,217,198,174,195,2,7,6,13,4
4093,61,216,9,57,20,9,125,7,4,3,5,5
8624,61,183,33,493,59,103,57,1,4,3,10,2
2802,61,196,25,607,67,17,49,1,4,6,7,2
368,61,91,65,52,10,44,28,3,3,2,6,5
3599,61,575,80,428,208,93,80,3,8,4,8,5
3389,61,726,53,363,123,107,161,4,8,9,13,5
10710,61,5,2,3,3,0,5,1,1,0,2,8
7118,61,833,80,363,52,26,174,2,9,5,6,6
4937,62,12,2,20,3,2,5,1,1,0,3,7
1127,62,938,19,843,25,95,38,1,6,6,7,2
833,62,56,0,14,0,0,2,3,3,0,3,7
3565,62,56,0,14,0,0,2,3,3,0,3,7
6086,62,445,25,706,80,76,48,1,6,5,12,2
1763,62,1259,172,815,97,148,33,1,7,11,10,4
4697,62,248,3,81,4,3,51,3,7,1,5,8
182,62,284,0,55,0,6,52,4,6,2,5,8
1165,62,239,13,143,45,4,52,9,6,2,7,6
5386,62,1111,24,790,160,45,172,0,5,8,5,2
6024,62,1111,24,790,160,45,172,0,5,8,5,2
2678,62,52,12,50,4,36,55,3,5,0,3,9
5790,62,25,6,16,20,0,5,2,2,0,3,8
236,62,28,23,29,29,14,47,3,2,1,4,6
6001,62,614,35,160,58,35,35,2,5,8,10,5
6250,62,710,15,30,20,0,0,3,11,2,8,8
1168,62,322,53,899,34,40,53,1,4,6,10,2
10749,62,73,18,66,7,12,2,15,0,1,0,19
2926,62,1241,0,80,0,13,40,3,3,6,11,8
716,63,529,0,356,63,28,0,3,6,7,11,3
6544,63,529,0,356,63,28,0,3,6,7,11,3
4298,63,5,0,4,0,0,1,1,1,0,2,8
5823,63,35,0,2,0,0,2,2,1,0,4,5
8375,63,447,0,28,0,0,43,3,8,2,6,7
5723,63,81,1,31,2,1,0,1,1,1,5,2
5763,63,123,17,171,39,0,30,5,6,2,5,6
8727,63,587,43,337,42,87,54,3,11,6,9,6
3056,63,587,43,337,42,87,54,3,11,6,9,6
8442,63,9,0,7,3,4,7,2,1,0,3,7
3712,63,212,5,33,7,0,2,1,3,2,6,4
10722,63,293,8,124,11,4,106,2,6,6,3,6
2406,63,376,4,94,12,9,24,3,6,2,8,5
7313,63,570,73,614,133,102,73,1,6,5,11,3
2656,63,23,1,7,0,4,24,1,1,1,2,7
1993,63,867,0,86,0,0,19,3,2,3,9,8
4136,63,10,17,18,8,26,40,4,3,2,2,9
2928,63,789,0,142,12,9,38,2,2,4,8,8
2920,63,789,0,142,12,9,38,2,2,4,8,8
6661,63,757,80,217,29,80,11,5,9,6,12,6
5462,63,757,80,217,29,80,11,5,9,6,12,6
10897,63,757,80,217,29,80,11,5,9,6,12,6
10542,63,29,4,34,2,4,4,3,3,0,3,9
5756,64,46,0,7,0,0,2,2,2,0,3,6
3570,64,159,2,51,6,2,24,3,4,1,5,5
1072,64,70,0,17,0,0,6,2,2,1,3,6
9606,64,882,29,514,38,29,44,1,4,2,6,3
2730,64,536,11,387,149,91,57,1,3,4,10,1
2995,64,291,10,689,84,10,0,1,3,4,9,1
8210,64,318,3,17,4,7,56,5,4,1,8,4
773,64,379,4,93,12,9,98,7,6,6,4,6
5272,64,378,0,88,19,4,73,4,8,5,3,7
5125,64,333,0,815,129,42,29,1,4,10,11,2
4391,64,635,15,100,20,7,131,1,9,3,9,6
6283,64,635,15,100,20,7,131,1,9,3,9,6
3421,64,635,15,100,20,7,131,1,9,3,9,6
5731,64,12,0,13,2,0,10,1,1,0,3,7
7152,64,12,0,13,2,0,10,1,1,0,3,7
3919,64,960,0,883,50,38,0,1,5,6,8,3
6097,64,313,8,104,6,4,126,9,8,1,6,9
5150,64,0,4,7,11,10,15,2,2,0,3,6
10479,64,749,40,294,121,160,147,1,3,2,5,1
5966,64,203,0,10,0,0,2,5,3,1,6,6
3439,64,157,6,39,6,13,75,5,4,1,5,6
6609,64,1,26,25,17,23,15,1,3,0,3,9
5393,64,22,0,6,6,2,6,1,1,0,3,7
9014,65,39,1,16,2,0,3,4,3,0,3,8
4050,65,42,16,29,12,20,8,1,2,1,4,3
6862,65,1,1,3,1,1,1,15,0,0,0,20
8315,65,4,2,11,2,0,4,1,1,0,2,6
5184,65,4,2,11,2,0,4,1,1,0,2,6
3643,65,750,8,125,11,8,26,1,4,3,6,2
2589,65,25,3,16,8,5,2,2,2,1,3,6
4887,65,10,5,28,11,1,8,1,2,0,3,5
10104,65,4,0,2,0,0,2,1,1,0,2,7
3254,65,407,70,239,103,88,53,1,5,4,4,2
2004,65,619,54,260,127,54,54,1,4,7,5,1
6142,65,629,17,177,69,0,8,1,5,3,5,2
8553,65,30,0,9,0,0,3,2,1,0,3,6
9805,65,320,48,133,39,72,48,4,6,2,10,4
849,65,320,48,133,39,72,48,4,6,2,10,4
1606,65,3,1,8,4,3,3,1,1,0,2,8
125,65,215,7,33,3,0,13,6,5,1,5,7
9305,65,311,26,640,180,37,121,1,4,9,13,2
4706,65,29,0,5,0,1,5,1,1,0,3,5
4437,65,112,6,92,3,9,38,2,3,2,5,4
3081,65,7,2,6,2,0,3,1,1,0,2,7
3536,65,7,11,3,10,4,20,2,1,1,3,5
8686,65,5,23,15,0,18,14,2,2,0,3,8
9707,65,1103,0,45,0,0,34,3,4,2,11,8
10872,65,1103,0,45,0,0,34,3,4,2,11,8
9058,65,1060,21,530,32,0,224,1,5,11,5,3
4640,65,561,85,171,25,123,114,2,4,7,13,2
2525,65,153,64,123,116,64,14,2,5,2,9,6
9503,65,39,33,130,41,26,44,2,5,1,5,8
10704,65,404,0,92,28,27,142,2,6,2,9,4
2669,66,375,152,335,93,91,81,1,5,4,6,2
10037,66,375,152,335,93,91,81,1,5,4,6,2
5680,66,10,4,7,0,6,3,1,1,0,3,6
3726,66,4,1,9,3,0,0,1,1,0,2,8
4548,66,23,4,10,0,2,15,1,1,0,3,4
4599,66,411,0,26,0,0,21,6,7,1,7,7
879,66,411,0,26,0,0,21,6,7,1,7,7
7409,66,211,2,30,7,7,10,2,4,1,6,5
1964,66,446,107,768,33,196,53,1,5,6,6,2
0,66,239,10,554,254,87,54,1,3,4,9,1
4860,66,7,2,8,3,2,3,1,1,0,3,6
425,66,374,64,116,84,25,64,3,6,2,11,5
9500,66,221,104,169,102,78,84,3,9,2,8,7
3074,66,1218,107,304,23,143,33,1,5,8,4,6
5140,66,1047,0,140,67,38,153,2,4,3,12,8
2611,66,1206,55,445,168,18,18,1,2,4,12,1
916,67,20,3,4,2,0,2,2,1,0,3,3
10413,67,274,83,216,151,141,224,1,4,6,12,1
3696,67,27,1,12,2,0,10,2,2,0,3,7
304,67,19,3,19,4,5,26,3,3,0,3,7
5113,67,584,100,835,65,83,35,1,5,5,5,2
2863,67,738,20,172,52,50,20,6,2,3,10,7
4597,67,889,55,685,168,92,129,1,3,2,13,1
675,67,146,0,93,7,13,73,5,4,2,5,7
4483,67,315,26,473,220,12,182,1,2,10,6,1
1502,67,18,3,19,3,3,6,2,2,0,3,8
736,67,18,3,19,3,3,6,2,2,0,3,8
4487,67,15,20,25,2,7,26,1,2,0,4,6
3412,67,815,8,53,11,0,70,4,2,2,9,7
1744,67,9,7,13,3,2,20,1,1,1,2,6
5837,67,247,8,160,6,8,65,7,6,3,6,7
3422,67,1115,12,128,33,12,76,1,2,3,4,6
7462,67,68,0,226,51,157,68,3,10,2,4,9
10702,67,185,8,133,56,56,12,2,7,1,7,7
2115,68,54,0,10,0,0,2,2,1,0,4,5
4138,68,411,106,147,54,115,66,1,5,10,7,1
11091,68,7,2,9,2,0,2,2,1,0,3,4
7712,68,182,17,259,77,70,29,1,6,2,10,4
3535,68,251,108,334,65,92,117,1,4,3,5,2
5899,68,28,0,6,1,1,13,1,1,0,0,20
8749,68,20,2,9,4,6,20,1,1,1,2,4
10955,68,416,46,925,60,107,46,1,3,6,4,1
9491,68,14,1,21,2,3,25,3,3,1,3,7
5286,68,112,1,54,7,7,36,1,3,2,4,3
3409,68,141,8,129,3,11,47,3,7,1,4,9
2544,68,50,1,27,6,7,1,1,1,1,4,1
2118,68,166,75,96,119,107,59,3,7,2,8,4
9370,68,562,81,276,80,40,81,1,6,3,6,4
4864,68,72,7,58,13,1,24,4,4,1,3,8
405,68,315,0,31,4,0,91,4,5,5,3,8
10513,68,438,169,565,91,169,70,1,2,3,6,7
5138,68,19,1,14,3,2,4,1,1,0,3,8
8387,68,134,8,76,6,0,11,1,4,1,5,6
378,68,283,112,151,51,72,125,2,7,2,10,6
5846,68,2,1,6,2,1,1,1,1,0,2,6
8870,68,75,12,141,43,39,187,6,6,1,5,8
10340,68,75,12,141,43,39,187,6,6,1,5,8
7290,68,347,44,534,17,0,26,1,3,5,12,2
8895,68,347,44,534,17,0,26,1,3,5,12,2
3635,69,492,0,37,7,0,42,3,6,3,8,5
11178,69,15,2,10,0,1,4,1,1,0,3,7
2410,69,364,40,425,158,60,50,1,3,4,8,1
3281,69,206,10,67,30,27,71,6,4,1,8,6
9905,69,135,1,41,10,1,67,5,3,3,3,6
2437,69,861,138,461,60,30,61,1,6,5,12,3
2565,69,1016,12,215,16,12,63,1,4,5,10,3
7912,69,8,15,27,0,20,33,2,3,1,2,8
7072,69,432,79,341,177,136,170,2,8,5,4,4
1409,69,270,3,27,39,6,99,7,7,1,5,8
5314,69,270,3,27,39,6,99,7,7,1,5,8
7215,69,722,27,102,44,72,168,0,6,8,13,2
8858,69,516,0,21,0,0,5,4,8,2,7,8
895,69,410,16,114,0,5,49,3,5,2,10,5
10313,69,159,4,45,6,2,38,6,5,1,4,8
642,69,1,3,2,20,30,47,3,2,1,2,8
8504,70,350,60,568,110,133,145,1,5,6,7,2
1020,70,350,60,568,110,133,145,1,5,6,7,2
3717,70,403,24,29,6,24,218,2,5,5,6,3
7646,70,218,63,282,137,35,70,4,5,3,12,4
5796,70,560,21,442,29,44,29,1,4,5,13,1
8625,70,15,1,23,0,5,1,3,3,0,3,8
5407,70,729,17,133,11,0,195,5,10,6,7,7
4356,70,1224,28,140,0,14,168,3,3,3,5,6
2886,70,1121,0,72,0,12,12,4,10,8,10,6
10057,70,503,27,419,90,139,153,1,5,7,9,7
10741,70,172,12,112,8,0,15,4,6,1,5,7
5491,70,172,12,112,8,0,15,4,6,1,5,7
4442,70,31,19,35,26,14,52,2,1,1,5,3
3972,70,266,6,51,8,6,64,6,7,1,5,8
2431,70,12,4,19,12,6,14,1,2,0,3,8
7899,70,1245,33,332,21,33,16,2,4,7,4,7
9703,70,77,2,35,0,1,69,4,3,2,2,7
6927,70,224,0,30,0,0,10,8,5,1,5,8
7005,71,479,35,179,28,7,85,1,5,3,12,2
246,71,199,9,57,20,21,6,7,4,1,7,4
4796,71,18,10,3,3,5,0,1,1,0,3,2
4725,71,30,2,25,0,1,9,1,1,1,4,2
3286,71,13,2,15,2,2,8,2,2,0,3,6
10680,71,45,0,16,2,1,6,1,3,0,3,7
4297,71,13,2,18,6,1,0,2,2,0,3,8
7327,71,21,5,3,10,1,7,3,1,1,4,2
1553,71,966,168,672,246,105,126,1,7,5,10,4
1665,71,1459,0,61,0,15,215,5,2,5,6,5
10640,71,87,5,71,7,12,29,5,4,1,4,7
7620,71,5,11,16,21,8,45,2,2,2,2,8
7761,71,13,11,24,13,8,40,2,3,0,4,6
5062,71,35,0,4,0,0,0,1,2,0,2,8
6349,71,621,73,414,78,48,85,1,8,4,6,5
3386,71,34,4,66,3,10,20,1,2,1,4,7
8175,71,34,4,66,3,10,20,1,2,1,4,7
6245,71,378,14,68,19,14,14,2,3,5,8,3
8780,71,378,14,68,19,14,14,2,3,5,8,3
2276,71,430,16,322,43,24,33,5,4,7,11,3
1172,71,979,44,935,29,25,22,1,7,5,12,3
3225,71,116,11,72,3,17,46,4,4,1,5,6
8629,71,19,1,10,2,1,8,1,1,0,3,5
798,71,2,0,6,8,6,5,1,1,0,3,7
269,71,777,30,163,0,51,122,6,4,4,7,9
8213,71,6,4,9,6,36,35,4,2,2,3,7
10245,71,160,80,369,67,39,41,1,3,3,8,1
2447,71,4,12,15,19,7,12,2,2,0,3,7
9817,71,853,10,143,13,10,20,2,9,4,12,8
1371,72,123,164,266,227,30,174,1,2,4,9,1
8093,72,572,8,232,23,62,17,1,4,3,6,1
713,72,141,15,153,67,31,35,1,4,4,6,3
11051,72,492,19,110,16,12,12,4,6,3,10,4
5545,72,572,8,259,34,35,80,1,3,5,5,1
5283,72,93,1,21,0,4,25,3,2,1,4,5
5010,72,2,8,8,6,1,9,2,1,0,3,8
7495,72,77,28,31,16,0,4,2,2,1,5,4
4368,72,42,7,43,20,12,10,1,3,0,4,6
6303,72,410,73,747,76,161,30,0,5,5,12,1
1030,72,22,0,13,0,0,3,2,1,0,3,7
10364,72,0,0,1,2,12,5,1,1,0,2,8
6945,72,387,20,713,38,54,163,1,9,11,11,5
8562,72,127,4,73,15,6,11,1,2,1,7,2
2918,72,44,5,19,0,4,19,3,2,0,4,5
9167,72,465,71,250,93,35,62,3,9,2,12,6
4743,72,689,8,167,11,8,88,5,8,4,11,6
10742,72,532,21,127,26,20,20,0,4,2,5,1
10965,72,983,20,389,240,50,40,1,3,5,13,6
7129,72,686,17,142,23,26,35,8,6,4,13,6
3732,72,393,0,239,90,69,69,6,5,7,9,4
7124,72,43,4,12,8,0,27,5,2,1,4,5
10686,72,15,0,4,0,0,2,1,1,0,2,7
7247,72,505,0,26,0,0,75,5,7,4,6,6
1513,72,600,21,128,223,150,128,13,2,2,12,8
460,72,792,86,740,67,51,17,1,3,5,8,2
6653,72,293,0,87,4,11,23,4,7,2,5,7
9400,73,630,26,611,44,18,54,1,6,6,6,2
7106,73,483,0,591,156,0,12,1,3,5,10,1
4252,73,213,5,28,7,7,41,1,4,1,6,5
9240,73,458,0,24,6,4,34,2,6,2,8,6
10770,73,247,161,295,210,85,47,2,4,7,13,2
176,73,90,38,67,33,36,67,1,4,1,6,3
6870,73,182,2,49,17,13,20,1,3,1,7,2
143,73,466,0,224,119,49,99,1,5,3,4,2
6445,73,243,101,405,29,40,40,1,4,5,6,2
4278,73,910,111,724,49,74,55,1,10,2,6,3
6906,73,167,48,602,63,72,72,1,3,10,4,2
4637,73,960,64,464,146,0,16,1,6,9,9,3
8690,73,399,28,756,36,40,126,1,5,7,10,2
1173,73,1200,105,758,0,42,147,1,4,2,6,2
1928,73,35,3,20,4,1,20,2,2,0,3,9
9029,73,707,44,603,95,58,29,1,2,8,12,1
10299,73,389,91,248,64,49,41,3,6,3,13,5
9246,73,171,3,129,26,24,62,4,6,1,6,7
4943,73,1379,33,216,0,33,66,1,2,4,9,6
4122,73,504,23,117,179,28,44,1,6,5,4,4
2853,74,60,51,87,6,20,51,2,4,2,4,5
902,74,224,12,48,4,12,12,1,6,2,4,6
1672,74,204,7,149,20,15,66,1,5,1,8,2
7254,74,39,0,56,20,8,14,3,3,1,3,7
8775,74,39,0,56,20,8,14,3,3,1,3,7
9543,74,3,6,5,0,2,6,1,0,0,3,7
7093,74,3,6,5,0,2,6,1,0,0,3,7
2894,74,1067,138,750,0,19,39,1,7,5,8,4
5956,74,144,2,99,7,2,30,5,6,1,4,8
1921,74,46,1,12,3,0,9,2,2,0,3,4
5057,74,264,47,188,54,47,11,2,4,4,10,2
10260,74,202,5,74,11,5,14,3,6,1,5,7
2262,74,202,5,74,11,5,14,3,6,1,5,7
7930,74,101,13,76,20,18,40,2,3,1,6,6
1461,74,17,1,12,3,1,4,2,2,0,3,7
7514,74,84,10,34,11,10,28,4,3,1,4,6
6461,74,581,49,157,43,8,108,1,5,6,11,2
257,74,952,12,180,47,12,12,2,5,4,9,3
9460,74,30,3,47,19,21,42,1,3,2,2,8
3855,74,30,3,47,19,21,42,1,3,2,2,8
367,74,47,90,94,123,103,120,5,9,1,5,9
9265,74,925,64,179,133,12,77,2,9,4,6,5
1990,74,965,34,586,89,86,37,1,3,5,8,3
3594,74,539,6,91,8,6,97,13,8,2,9,8
9292,74,324,132,693,27,118,88,1,4,11,7,2
6218,74,457,4,29,0,0,9,1,8,1,7,7
6528,75,2,2,2,2,1,1,1,1,0,2,8
10164,75,1017,33,417,108,100,16,1,5,5,5,5
9937,75,187,81,149,25,43,91,1,2,2,12,1
274,75,9,3,15,2,3,2,2,2,0,3,6
5250,75,532,126,490,164,126,126,1,5,5,11,1
11010,75,19,3,18,3,1,0,3,3,0,3,8
6969,75,99,13,66,43,8,4,3,4,1,5,7
10735,75,14,1,7,2,1,1,1,2,0,2,9
5068,75,14,1,7,2,1,1,1,2,0,2,9
9974,75,15,6,20,4,5,20,1,3,1,2,7
7053,75,604,28,674,91,28,28,1,3,10,8,1
3179,75,249,153,940,58,134,38,0,6,6,7,2
8082,75,1,3,6,3,6,15,1,1,1,2,7
1362,75,33,87,64,175,16,74,1,6,1,6,7
6768,75,22,1,8,2,1,2,2,1,0,3,8
2375,75,8,0,5,0,3,6,1,0,0,3,8
6856,75,14,0,23,4,5,19,3,3,0,3,9
4066,76,1,5,8,4,8,20,2,2,1,2,6
4333,76,41,0,10,0,0,3,4,2,1,3,7
2948,76,104,12,48,4,12,5,1,2,2,5,2
4927,76,8,3,22,21,1,13,3,3,0,3,9
7426,76,111,16,37,7,9,18,3,3,1,5,3
8360,76,111,16,37,7,9,18,3,3,1,5,3
4058,76,618,15,106,20,7,45,1,11,2,8,6
10755,76,6,3,14,15,7,36,3,3,1,2,7
8414,76,56,0,12,0,0,18,2,2,0,4,7
6810,76,267,98,606,48,70,98,1,3,2,6,1
3839,76,6,12,3,21,6,40,5,2,2,3,5
3483,76,1039,43,204,153,58,29,3,2,8,12,8
238,76,515,47,181,149,95,95,15,9,6,9,7
591,76,293,35,179,46,59,65,2,8,3,7,7
5063,76,41,5,129,10,3,3,3,4,1,4,9
4303,76,107,2,12,2,2,12,0,0,0,1,20
2258,76,8,4,15,7,6,2,1,1,0,3,8
7301,76,4,22,11,3,7,32,2,3,0,3,8
11121,76,2,14,28,16,3,7,4,4,0,3,9
5287,77,45,2,26,4,1,1,3,3,1,3,7
6457,77,527,24,230,32,24,65,2,6,4,12,4
3559,77,12,11,10,3,12,9,3,2,1,3,6
5577,77,8,0,9,2,1,3,1,1,0,2,6
641,77,59,0,12,0,0,48,1,2,2,2,4
954,77,3,3,24,34,7,31,1,2,1,3,5
1834,77,30,5,23,4,1,4,1,2,0,3,7
8789,77,35,40,111,36,40,12,3,3,1,7,4
10584,77,225,162,387,106,36,29,1,5,10,8,3
2337,77,9,1,24,2,1,2,3,3,0,3,6
6071,77,493,70,324,146,40,84,1,3,7,11,1
295,77,493,70,324,146,40,84,1,3,7,11,1
10203,77,11,7,9,3,1,11,1,1,0,3,7
3968,77,918,10,129,13,0,129,1,11,3,12,7
4037,77,3,1,3,8,0,5,1,1,0,2,7
6932,77,1285,42,716,55,0,21,0,7,10,5,2
10159,77,440,81,368,0,122,174,6,11,5,9,6
1177,77,80,3,26,4,2,14,4,3,1,3,7
9426,77,691,0,69,10,0,130,4,2,6,3,8
10637,77,24,0,27,8,30,10,2,3,0,3,7
10826,77,6,1,7,23,4,19,1,1,1,2,8
4086,77,6,1,7,23,4,19,1,1,1,2,8
10304,77,6,1,7,23,4,19,1,1,1,2,8
7998,77,53,8,17,13,0,21,3,2,2,2,7
10992,77,650,28,353,45,42,30,5,4,6,11,8
6383,78,26,0,15,2,1,2,2,3,0,3,8
10536,78,26,0,15,2,1,2,2,3,0,3,8
6036,78,1168,92,408,72,129,55,1,5,6,7,1
11092,78,12,1,21,2,2,3,2,2,0,3,7
538,78,31,9,27,16,9,33,1,1,1,4,3
10022,78,12,0,4,0,0,0,1,1,0,2,5
10157,78,89,15,89,34,42,5,1,4,1,6,4
3503,78,255,47,573,52,32,15,1,5,3,6,1
146,78,760,53,400,17,93,0,1,4,5,11,2
5538,78,897,161,430,186,161,27,0,4,7,6,1
3910,78,897,161,430,186,161,27,0,4,7,6,1
4227,78,28,0,13,4,2,8,3,2,1,3,5
6634,78,22,3,18,0,0,11,1,2,0,3,7
8916,78,9,1,5,0,0,1,1,0,0,3,5
6460,78,12,4,6,11,8,16,2,2,0,3,8
5883,78,138,120,204,16,126,60,3,7,4,7,5
10091,78,520,20,367,39,81,40,2,6,3,6,5
697,78,972,59,913,25,19,59,1,5,9,6,3
2607,78,424,17,118,7,23,41,6,8,2,8,8
8427,78,556,14,717,210,0,43,1,7,5,10,4
217,78,556,14,717,210,0,43,1,7,5,10,4
6202,78,571,50,142,33,50,159,4,4,5,13,2
3856,78,571,50,142,33,50,159,4,4,5,13,2
10648,78,398,96,447,220,96,32,1,5,7,6,3
5120,78,398,96,447,220,96,32,1,5,7,6,3
6749,78,957,47,494,82,47,95,4,5,3,6,8
1584,79,171,7,171,25,19,89,6,8,1,5,8
9559,79,944,0,60,0,0,30,2,7,5,13,5
771,79,135,9,39,4,0,7,1,2,2,5,2
5237,79,28,1,21,3,0,10,3,2,1,3,5
2461,79,26,1,11,0,1,4,2,1,0,3,3
5474,79,45,7,99,4,25,43,3,4,1,4,6
2895,79,104,1,54,13,9,14,2,3,1,5,5
7972,79,400,32,519,71,75,54,1,3,4,9,1
10067,79,4,0,4,0,0,5,1,1,0,2,7
500,79,908,43,735,40,194,21,1,7,7,9,2
922,79,16,2,11,3,0,16,2,1,1,2,8
2861,79,9,1,6,3,0,4,1,1,0,2,8
375,79,516,56,449,86,33,16,1,2,2,11,1
10936,79,597,166,597,172,166,249,1,5,6,4,3
10314,79,847,66,119,86,89,111,1,9,10,5,4
4240,79,4,9,16,17,0,12,2,2,1,2,8
2674,79,543,10,205,160,143,82,1,6,3,6,3
2563,80,1,9,7,2,14,10,1,2,0,3,6
8312,80,1,9,7,2,14,10,1,2,0,3,6
6999,80,656,16,106,32,16,8,1,7,3,12,3
7574,80,11,0,13,2,4,11,1,2,0,3,4
5223,80,33,8,10,2,10,3,2,2,1,3,4
2952,80,29,3,30,3,2,9,2,3,0,3,6
7683,80,554,35,113,0,7,78,3,5,3,12,3
9481,80,9,9,11,13,10,16,4,3,1,3,8
9907,80,742,28,152,25,9,57,2,6,8,10,4
5454,80,37,0,7,3,0,3,1,2,0,3,5
3798,80,24,2,23,0,8,24,3,2,1,3,6
7281,80,81,11,50,3,2,39,1,1,3,4,2
4259,80,6,0,4,0,0,0,1,1,0,2,7
2549,80,17,0,9,0,0,1,1,1,0,3,9
6437,80,21,8,20,15,3,9,1,2,0,3,7
2488,80,23,1,25,0,8,7,4,2,1,3,6
3945,80,618,44,215,0,17,36,2,11,8,4,6
702,80,162,61,83,97,57,61,4,4,3,8,5
9010,80,968,147,842,137,42,210,1,5,7,10,2
9710,80,708,7,62,0,0,15,2,11,3,7,8
1509,80,152,27,103,106,54,81,0,9,9,4,5
9120,80,747,10,161,65,40,42,4,4,2,9,8
5252,80,16,12,18,7,1,13,1,2,0,3,7
5959,80,158,0,23,0,0,18,6,3,1,5,8
7441,80,958,159,447,20,0,31,3,2,10,12,7
4271,80,46,35,69,84,41,66,6,4,1,6,7
4095,80,167,37,64,49,34,116,8,4,3,6,7
8852,80,387,126,342,0,45,180,5,8,4,11,6
7698,81,152,3,22,2,5,7,1,4,1,4,5
4174,81,97,1,19,2,0,11,1,2,1,4,3
3182,81,96,1,79,7,1,79,6,5,1,3,8
193,81,0,0,2,3,3,8,1,1,0,2,5
5229,81,30,1,8,0,0,3,1,1,0,3,7
5555,81,1,1,1,1,1,1,0,0,0,0,0
7732,81,293,0,124,179,97,52,1,7,2,10,5
310,81,330,5,159,36,27,16,4,4,4,9,4
6261,81,270,31,88,11,48,22,3,3,2,10,4
6274,81,1076,16,417,42,48,16,1,8,10,6,3
1655,81,16,3,15,2,1,11,1,1,0,3,7
2740,81,62,1,16,3,2,6,4,2,1,4,5
4328,81,5,1,7,17,14,11,2,2,1,3,6
17,81,637,47,237,12,19,76,4,6,11,7,5
9153,81,418,61,428,80,51,10,3,7,8,10,5
520,81,3,3,7,6,2,9,1,1,0,2,7
8372,81,3,3,7,6,2,9,1,1,0,2,7
73,81,14,0,3,0,0,1,1,0,0,3,5
2002,81,587,51,932,180,34,86,1,5,6,5,3
6059,81,986,36,168,16,0,108,7,11,3,4,7
11166,81,229,5,56,3,2,20,2,6,2,4,7
6257,81,255,43,134,37,14,24,1,7,2,7,7
9224,81,825,8,53,11,0,242,2,8,10,5,6
8732,81,1298,0,70,37,14,42,4,7,4,10,4
955,81,167,2,44,6,2,19,7,4,2,4,8
4910,81,1132,134,384,175,134,115,1,11,5,13,7
564,81,746,8,125,11,8,8,7,8,6,9,6
8931,82,812,99,431,237,149,33,1,11,4,10,5
1998,82,34,6,21,11,4,8,1,2,1,3,6
1250,82,34,6,21,11,4,8,1,2,1,3,6
8397,82,18,0,5,0,0,11,2,1,1,2,7
9672,82,8,3,9,19,4,22,3,1,1,3,6
2125,82,194,61,480,225,112,30,1,3,4,8,2
5975,82,37,0,17,0,0,3,1,2,0,3,7
983,82,110,29,92,28,10,145,1,6,2,3,8
9938,82,519,17,813,27,173,51,1,4,6,6,2
4385,82,23,0,15,0,2,7,2,3,0,3,6
1612,82,23,0,15,0,2,7,2,3,0,3,6
803,82,12,0,5,0,0,4,1,0,1,2,5
10675,82,909,11,218,0,0,23,2,9,3,5,5
7004,82,24,3,26,7,1,23,3,3,1,2,9
4432,82,2,3,20,6,11,9,2,2,0,3,7
5079,82,71,1,16,0,0,9,4,2,1,3,8
4475,82,1315,22,780,145,0,178,1,7,8,9,5
10868,82,344,45,654,104,11,114,2,3,4,10,3
6742,82,2,2,1,3,1,2,1,1,0,2,8
5692,82,1,4,3,8,9,7,1,1,0,3,8
339,82,462,0,24,6,0,4,2,9,2,5,7
10398,82,1,6,2,8,2,12,1,1,0,2,7
8017,83,22,0,19,6,5,3,2,2,0,3,6
3722,83,31,1,8,0,0,8,2,2,0,3,6
7326,83,34,1,19,2,7,0,1,1,1,3,2
2416,83,789,25,420,16,38,0,1,2,8,9,1
1878,83,4,6,8,6,3,10,1,2,0,3,7
5278,83,307,26,360,138,31,40,1,6,9,5,3
5734,83,46,4,36,2,2,1,1,2,0,4,5
4370,83,18,1,32,6,3,28,3,2,0,4,6
8405,83,135,25,51,23,25,46,2,4,2,5,3
7617,83,67,5,61,3,8,19,5,2,1,5,5
10339,83,161,0,22,0,0,24,2,4,1,4,6
6376,83,191,56,139,51,8,100,4,4,3,8,4
2150,83,860,28,409,73,56,56,1,8,9,4,4
7386,83,17,0,14,7,3,2,1,1,0,3,7
3006,83,17,0,14,7,3,2,1,1,0,3,7
11088,83,1396,0,322,46,35,17,1,4,9,4,6
5185,83,199,66,315,97,174,41,1,4,3,5,2
3523,83,583,34,309,0,22,125,2,5,4,8,3
55,83,509,0,65,7,11,5,4,7,2,9,6
3807,83,473,21,176,19,21,56,3,9,2,9,6
2453,83,526,28,135,10,21,99,3,5,3,12,5
7787,83,526,28,135,10,21,99,3,5,3,12,5
2230,84,27,2,14,0,0,0,3,3,1,3,5
8146,84,30,0,8,2,0,14,1,1,1,2,6
988,84,410,0,592,147,22,22,1,6,4,7,3
4832,84,6,5,17,3,24,46,2,2,2,2,7
3152,84,15,10,19,8,17,20,3,2,1,3,5
11188,84,15,10,19,8,17,20,3,2,1,3,5
361,84,5,1,7,2,1,4,1,1,0,2,7
5939,84,43,5,28,7,6,33,4,3,1,3,5
9349,84,693,21,118,110,147,42,1,6,5,11,2
819,84,508,124,249,50,38,134,1,6,5,13,3
10120,84,116,6,82,6,6,41,2,3,1,6,5
4541,84,116,6,82,6,6,41,2,3,1,6,5
2456,84,80,4,46,0,17,2,5,2,1,5,6
2516,84,22,2,10,6,4,34,2,1,2,2,4
11013,84,336,28,282,184,54,54,1,2,8,6,1
9988,84,553,25,142,65,67,8,3,6,3,13,4
1627,84,408,61,109,48,122,41,1,5,7,9,4
1490,84,675,0,85,10,7,77,5,10,3,8,8
6710,84,68,1,13,3,5,13,1,2,0,4,6
7375,84,297,7,79,0,11,182,2,8,2,4,8
10144,84,297,7,79,0,11,182,2,8,2,4,8
3138,84,1324,27,119,71,108,27,0,7,9,6,4
1440,84,367,17,241,104,188,232,2,9,5,9,7
4200,85,167,2,62,24,13,7,4,4,1,6,5
4998,85,292,30,415,63,33,200,1,4,5,4,2
7321,85,292,30,415,63,33,200,1,4,5,4,2
8663,85,11,0,3,0,0,1,1,1,0,2,6
1958,85,582,0,65,0,0,13,6,8,2,9,5
6963,85,675,11,400,15,45,11,1,2,5,10,1
1065,85,557,129,984,193,37,18,1,5,8,5,2
2712,85,184,178,178,103,39,33,1,6,3,10,3
6049,85,1142,51,415,90,69,37,1,7,8,11,3
6605,85,504,13,131,8,0,26,1,9,4,6,7
11181,85,2,1,2,1,1,1,0,0,0,0,0
5234,85,12,5,25,0,9,30,2,1,1,3,5
5253,85,145,13,46,17,2,4,6,4,2,4,7
11148,85,2,1,4,3,1,2,1,1,0,2,8
6289,85,135,0,10,0,4,36,2,3,1,4,5
9743,85,1449,89,161,69,35,107,2,11,8,8,6
9209,85,829,138,430,60,92,15,1,4,6,13,2
6417,85,829,138,430,60,92,15,1,4,6,13,2
7937,86,10,7,25,6,3,7,1,3,0,3,7
6488,86,76,0,7,0,0,16,1,3,2,2,5
3194,86,412,12,546,78,182,0,1,4,4,10,1
231,86,24,0,7,0,0,1,2,2,0,3,5
9697,86,335,42,127,28,5,5,3,7,2,8,6
4676,86,612,91,520,258,107,107,2,9,6,8,5
8079,86,3,1,8,23,2,18,3,2,1,3,3
10032,86,3,5,14,2,12,17,4,3,1,3,6
10505,86,741,19,154,50,9,28,1,3,4,7,2
2005,86,22,3,30,0,5,15,2,2,0,4,6
6940,86,100,1,39,6,1,76,4,3,2,3,6
2304,86,625,7,99,10,22,7,2,6,3,12,4
3170,86,389,66,408,37,57,85,1,4,4,6,2
10466,86,24,2,20,2,2,10,2,1,0,4,4
7325,86,23,0,11,2,1,3,1,1,0,3,5
455,86,102,9,63,2,9,24,1,4,1,4,6
7592,86,102,9,63,2,9,24,1,4,1,4,6
4547,86,6,2,9,2,1,5,2,1,0,3,8
6825,86,13,0,3,0,0,0,1,1,0,2,7
2961,86,175,10,110,54,6,27,2,6,3,4,6
8700,86,7,7,14,7,16,15,3,2,1,3,7
2278,86,4,17,19,30,24,39,2,2,1,3,6
10703,86,57,0,27,0,0,36,4,3,2,2,8
9,86,57,0,27,0,0,36,4,3,2,2,8
2804,86,57,0,27,0,0,36,4,3,2,2,8
4915,86,176,72,98,136,21,229,4,5,2,12,5
3010,87,957,153,612,99,95,153,1,4,7,8,1
4279,87,15,4,10,3,4,18,2,1,1,3,3
2564,87,111,3,28,2,6,15,2,3,1,4,6
1137,87,398,190,537,61,156,37,1,4,5,7,1
5084,87,445,53,213,104,98,151,1,6,4,13,4
7094,87,445,53,213,104,98,151,1,6,4,13,4
6327,87,565,32,435,28,32,54,1,2,8,6,1
6131,87,141,70,106,72,19,23,2,4,2,8,3
5798,87,445,37,359,98,28,18,1,2,4,8,1
10379,87,327,9,122,19,14,83,5,5,2,9,6
606,87,6,1,2,2,0,4,1,1,0,2,7
7801,87,197,107,227,7,59,131,3,5,2,11,4
2445,87,38,1,24,0,0,0,1,2,0,3,8
5346,87,25,5,19,7,0,23,3,3,0,3,7
550,87,243,131,217,85,6,26,2,3,3,13,2
4478,87,457,5,106,15,17,53,8,11,1,6,8
2350,87,623,53,178,23,17,133,7,3,2,8,8
1118,87,544,13,85,8,6,29,3,10,4,5,8
1491,87,162,33,124,40,28,172,2,3,4,7,1
4507,87,631,28,491,30,14,56,1,6,7,8,3
7023,87,189,2,55,0,5,12,4,6,1,4,9
6977,87,1073,0,629,145,37,37,1,10,5,13,6
4042,87,91,3,52,2,1,31,3,4,0,4,8
7274,87,736,163,818,212,163,61,1,4,7,10,2
2902,87,19,4,12,2,2,6,1,1,0,3,5
3332,87,64,4,68,7,5,17,4,3,1,4,8
7433,87,64,4,68,7,5,17,4,3,1,4,8
9386,88,274,0,21,4,6,15,1,5,1,6,6
5176,88,7,6,13,7,6,14,1,1,0,3,9
10323,88,205,7,41,3,2,46,2,4,2,5,5
4682,88,99,27,102,28,48,6,1,2,2,8,1
3083,88,215,13,87,17,17,24,5,6,2,5,7
8015,88,714,76,395,116,0,12,1,4,6,9,1
1745,88,714,76,395,116,0,12,1,4,6,9,1
3136,88,317,25,265,25,19,12,3,5,3,11,5
6991,88,537,6,42,16,6,30,2,9,3,6,8
8132,88,565,6,65,0,6,19,5,9,2,8,7
503,88,13,1,29,3,0,7,2,2,0,3,8
8148,88,285,28,242,55,114,135,13,6,2,12,5
2736,88,366,124,156,71,78,54,2,5,5,11,2
8162,88,4,1,11,6,2,2,1,1,0,3,6
692,88,4,2,5,0,0,5,1,1,0,2,6
7706,88,350,104,189,197,151,57,6,11,8,5,8
9298,89,1252,0,465,46,35,0,1,4,5,8,1
2986,89,7,2,4,2,1,4,1,1,0,2,6
10812,89,37,0,46,4,3,0,1,2,1,3,4
2909,89,934,24,230,16,24,36,2,8,4,6,3
6974,89,518,42,742,55,56,84,1,6,10,5,2
9140,89,51,4,24,4,7,1,2,2,0,4,6
4554,89,171,45,73,59,10,90,4,3,2,8,4
7791,89,12,1,6,0,1,5,2,1,0,3,7
5455,89,99,0,15,2,1,5,3,2,1,4,7
7960,89,734,22,350,151,25,100,1,3,9,13,1
3426,89,1045,61,338,60,46,46,3,5,5,13,8
5316,89,36,4,18,6,2,18,1,2,0,4,7
1404,89,51,23,82,33,0,42,4,5,1,3,9
10598,89,12,1,16,4,1,3,3,2,0,3,8
8212,89,85,15,27,13,13,21,2,3,1,4,7
3233,89,562,21,464,28,10,32,3,7,8,11,5
7892,89,6,4,25,15,12,13,2,2,1,3,7
2975,89,717,42,864,219,30,84,2,6,7,9,3
5043,89,7,23,78,133,49,144,2,4,2,5,7
3104,89,830,59,968,51,79,19,1,5,3,12,2
10854,90,29,0,14,0,0,2,2,2,0,3,7
7419,90,8,3,19,0,2,3,2,2,0,3,6
5558,90,1020,31,430,62,63,79,1,4,6,4,1
832,90,561,14,113,10,14,35,3,8,2,10,5
4964,90,680,11,392,75,0,0,1,2,11,4,1
11030,90,9,0,3,0,0,4,1,1,0,2,6
4587,90,162,25,53,16,0,10,1,3,1,7,3
450,90,67,15,80,17,11,80,3,1,4,4,3
11031,90,26,1,10,2,0,1,1,1,0,3,5
4990,90,524,0,134,28,28,155,1,11,1,8,7
221,90,138,3,38,4,0,59,3,3,2,4,6
4351,90,18,2,10,0,0,25,1,1,1,2,7
1357,90,856,59,487,58,29,73,7,2,5,5,5
5667,90,1013,30,399,60,46,153,3,9,10,4,6
8867,90,864,134,768,150,38,172,1,4,10,5,3
2747,90,864,134,768,150,38,172,1,4,10,5,3
7422,90,85,44,54,102,78,6,3,5,1,7,7
4148,90,164,24,103,12,3,42,7,5,1,6,8
9516,90,620,54,239,99,98,119,2,9,7,10,7
1291,90,152,9,121,12,12,45,4,6,2,4,8
1833,91,68,8,18,19,8,12,2,2,1,4,5
7270,91,908,48,217,32,12,24,1,2,3,13,6
8182,91,53,3,49,7,4,5,4,3,0,4,8
10394,91,675,144,133,94,192,241,1,4,8,5,1
1142,91,208,7,82,30,66,35,2,3,2,9,3
451,91,9,0,7,2,0,4,1,1,1,2,8
7128,91,4,0,5,0,1,5,1,1,0,2,7
10678,91,653,17,170,34,26,17,2,11,2,10,7
7755,91,350,3,39,0,0,19,2,9,1,4,8
4754,91,30,11,33,13,6,29,1,2,0,4,4
20,91,43,12,23,29,15,61,1,2,1,4,4
2246,91,43,12,23,29,15,61,1,2,1,4,4
10307,91,369,9,87,12,14,34,3,6,2,8,5
2147,91,736,63,946,219,189,126,1,4,7,11,2
10590,91,794,73,573,0,29,14,1,4,8,10,2
6565,91,1012,80,498,0,16,176,2,11,4,9,5
6619,91,22,1,13,4,0,4,2,1,0,3,7
4817,91,3,2,7,0,4,2,1,1,0,2,8
4508,92,203,35,305,46,17,227,1,2,11,5,1
4843,92,203,35,305,46,17,227,1,2,11,5,1
9197,92,32,0,5,2,0,8,2,2,0,3,5
6237,92,81,4,33,5,2,291,0,23,1,1,0
6515,92,6,2,18,2,8,14,1,2,0,3,4
5954,92,76,14,74,13,5,10,2,5,0,4,8
7938,92,350,8,66,17,4,4,2,3,2,10,3
961,92,133,27,421,13,195,71,2,7,3,5,4
1764,92,100,2,128,23,7,10,4,5,1,5,8
1916,92,188,3,180,20,3,43,5,7,1,6,7
6941,92,17,8,12,11,15,32,1,2,1,2,7
5562,92,502,12,109,16,6,90,2,7,2,10,6
1517,92,3,9,13,2,12,12,1,1,0,3,7
7286,92,13,6,15,3,5,13,1,2,0,2,10
4687,92,674,92,736,39,0,92,1,3,11,9,1
5631,92,202,47,197,55,42,149,1,5,4,8,4
1951,92,228,122,122,208,129,30,6,11,2,8,9
123,92,544,35,133,23,151,107,2,4,5,4,2
9451,92,811,76,428,99,137,107,3,10,4,9,7
7396,92,342,51,936,207,35,26,1,5,8,12,3
3298,92,856,0,76,12,9,199,7,9,6,9,8
6730,92,34,1,14,0,0,5,3,2,0,3,8
9916,92,34,1,14,0,0,5,3,2,0,3,8
2227,92,45,47,52,21,20,25,2,3,1,5,6
946,92,45,47,52,21,20,25,2,3,1,5,6
3745,92,5,36,7,0,10,45,2,3,0,3,8
4094,92,201,2,43,3,5,35,4,5,1,5,6
8588,92,201,2,43,3,5,35,4,5,1,5,6
3916,92,639,8,166,11,8,58,3,7,3,12,7
9135,92,13,2,21,4,0,24,2,1,1,2,8
1755,93,30,11,25,29,1,18,1,1,1,4,3
2875,93,444,44,382,11,8,17,1,3,7,13,2
2008,93,372,23,384,250,12,108,1,4,5,9,2
10925,93,255,31,446,40,56,175,1,3,10,11,1
1604,93,184,2,19,8,8,4,3,2,2,6,5
5389,93,238,17,68,8,10,6,3,6,2,5,7
2878,93,162,31,127,8,17,69,2,4,2,7,3
4440,93,509,0,27,0,0,10,1,8,3,6,7
1324,93,23,3,21,3,19,22,2,3,0,3,8
6262,93,816,42,450,55,56,154,1,3,10,8,2
3628,93,4,8,11,19,12,26,2,2,1,2,9
3641,93,10,2,15,2,1,6,2,2,0,3,6
322,93,29,1,11,0,0,0,2,2,0,3,4
175,93,656,80,455,52,107,93,2,8,4,8,4
6988,93,656,80,455,52,107,93,2,8,4,8,4
8204,93,482,35,553,72,160,17,1,4,4,9,2
7476,93,928,63,254,0,12,12,4,5,4,10,4
5221,93,714,8,99,11,0,47,4,10,7,5,8
8970,93,371,22,39,6,0,92,4,6,2,7,5
9286,93,407,28,100,120,74,18,1,5,9,4,3
5831,93,1017,50,500,65,50,133,3,5,5,5,8
1010,94,41,0,17,3,1,16,2,1,1,3,3
11074,94,494,92,391,194,11,241,1,3,4,10,0
5896,94,272,7,80,20,7,11,1,4,4,6,2
3515,94,87,13,34,10,6,10,1,4,0,4,5
5324,94,173,43,118,46,27,15,5,5,3,6,5
6534,94,29,0,29,0,5,4,1,2,0,3,5
8373,94,1,3,6,10,0,9,1,1,0,3,5
3829,94,1,3,6,10,0,9,1,1,0,3,5
4501,94,292,127,635,132,127,165,1,3,7,9,1
4179,94,8,9,9,2,5,22,1,1,1,3,4
2292,94,5,4,8,2,0,5,1,1,0,3,5
9239,94,92,4,18,3,3,6,1,2,1,4,3
8953,94,27,0,5,0,0,3,2,1,0,3,8
10258,94,27,0,5,0,0,3,2,1,0,3,8
3520,94,162,28,818,0,28,56,0,4,3,7,3
10402,94,25,1,9,2,1,1,2,1,0,3,8
11114,94,25,4,9,6,8,32,3,2,1,3,7
9553,94,0,2,3,4,1,5,1,0,0,3,6
6055,94,546,72,376,94,145,72,1,5,5,8,3
4786,94,555,82,257,93,61,61,4,10,3,12,6
5015,94,68,6,38,3,6,41,2,2,2,3,7
8560,94,351,16,156,7,5,145,1,6,4,7,6
3469,94,19,18,33,24,1,8,3,3,0,3,9
5885,94,73,3,90,12,1,32,7,4,1,4,8
3310,94,73,3,90,12,1,32,7,4,1,4,8
2134,94,263,5,233,69,41,83,4,5,5,8,5
2532,95,982,73,351,56,14,175,1,2,4,6,5
2579,95,495,33,255,11,33,8,4,6,7,9,4
3117,95,264,0,21,12,6,147,3,6,1,5,7
5623,95,15,4,13,0,0,19,1,1,1,2,7
4789,95,769,22,500,210,143,33,1,4,8,5,2
9523,95,5,0,8,2,0,0,1,0,0,3,4
5268,95,17,8,14,10,4,3,2,1,0,4,7
1545,95,120,19,206,25,19,54,6,7,2,5,8
2254,95,627,120,414,121,80,93,1,9,6,5,5
2661,95,12,4,2,10,6,10,4,2,0,4,5
3130,95,12,4,2,10,6,10,4,2,0,4,5
5847,95,312,21,206,102,92,149,3,7,3,10,5
5863,95,359,0,134,13,26,123,4,6,3,8,5
999,95,490,44,125,29,20,22,1,6,7,11,3
2931,95,737,21,106,55,63,210,0,6,7,9,3
1890,95,11,1,4,2,0,7,1,1,0,2,7
5589,95,631,0,115,10,7,30,3,9,2,10,7
10172,95,456,19,832,75,118,38,1,4,5,11,3
6729,95,456,19,832,75,118,38,1,4,5,11,3
10492,96,2,0,5,2,0,1,1,0,0,3,2
2939,96,751,127,687,20,15,31,1,4,6,4,2
5948,96,143,6,52,11,8,17,2,4,1,5,5
574,96,14,36,11,3,26,35,1,1,1,4,2
3266,96,14,36,11,3,26,35,1,1,1,4,2
10500,96,19,1,20,16,14,28,2,3,0,4,5
7987,96,346,17,48,23,13,13,4,8,1,6,6
1135,96,18,2,19,0,2,6,5,3,0,4,7
24,96,18,2,19,0,2,6,5,3,0,4,7
7244,96,48,5,48,6,10,7,3,2,1,4,6
1966,96,684,100,801,21,66,0,1,6,9,10,2
7789,96,684,100,801,21,66,0,1,6,9,10,2
3336,96,712,0,45,0,0,191,3,2,4,5,7
5644,96,309,3,24,4,3,20,2,5,1,7,7
1295,96,231,65,196,38,71,124,1,6,5,7,4
6663,96,144,0,7,0,0,6,1,3,1,4,5
10262,96,8,2,15,0,10,18,4,3,1,3,5
456,96,1,11,5,4,6,9,2,2,0,3,8
3270,96,12,23,38,30,18,7,4,3,1,3,9
5748,96,115,27,44,4,146,139,3,5,2,6,5
8952,96,397,46,288,20,38,70,2,6,5,10,3
3921,96,24,1,108,29,29,14,1,4,1,4,8
9826,96,899,102,838,133,102,40,1,5,6,10,2
5830,96,899,102,838,133,102,40,1,5,6,10,2
8310,96,897,126,196,91,112,37,3,10,4,7,6
6382,97,25,0,11,3,0,15,1,1,0,3,4
8439,97,734,26,70,11,44,17,2,6,3,4,4
7613,97,166,5,107,11,8,29,2,5,1,6,6
48,97,136,1,12,0,3,32,2,4,1,3,6
5046,97,756,138,354,160,169,61,2,10,6,7,4
3231,97,5,4,10,2,2,7,1,1,0,3,8
7181,97,35,0,13,2,0,2,2,2,0,3,8
1663,97,20,2,14,3,0,10,1,2,0,2,9
5441,97,267,6,54,8,3,50,2,5,2,6,5
8602,97,412,172,153,150,105,57,2,7,6,11,4
9925,97,127,1,56,0,1,31,3,4,2,3,7
9499,97,1279,15,287,20,0,15,3,3,4,7,5
6568,97,11,0,36,15,5,12,1,2,0,3,7
3032,97,28,34,62,11,14,44,3,4,0,4,9
5153,97,1004,59,265,115,59,27,2,11,10,11,6
4127,97,1004,59,265,115,59,27,2,11,10,11,6
9940,97,382,114,276,75,124,38,2,6,4,4,3
7527,97,6,6,29,12,15,8,3,2,1,3,8
3406,97,138,33,87,28,24,12,4,3,2,7,3
9771,97,104,20,101,24,15,5,6,5,1,5,9
6722,98,479,28,136,75,14,35,3,10,3,7,6
213,98,35,0,11,0,0,2,4,2,1,3,7
8541,98,8,4,10,6,7,6,2,2,0,4,5
8475,98,20,2,1582,1,2,1,15,0,22,0,0
8070,98,199,12,31,3,12,7,1,3,3,5,3
313,98,901,61,757,186,163,20,1,6,5,10,3
9757,98,997,15,414,99,30,76,1,5,6,12,2
2088,98,997,15,414,99,30,76,1,5,6,12,2
2320,98,508,11,59,23,5,29,5,11,1,6,9
966,98,538,13,91,17,6,26,6,6,2,11,5
9706,98,62,1,20,4,0,7,2,2,1,3,8
3979,98,982,17,672,23,34,51,1,6,2,8,2
5602,98,466,22,432,147,113,102,1,8,7,12,3
2202,98,44,2,11,2,3,7,1,1,0,4,5
9645,98,920,138,168,36,46,30,1,9,4,10,6
7230,98,459,0,24,6,0,4,6,4,5,7,6
5675,98,459,0,24,6,0,4,6,4,5,7,6
4974,98,433,89,650,16,102,102,10,4,6,9,7
5687,98,563,50,774,28,31,187,1,7,7,12,3
5871,98,73,28,217,10,24,115,3,6,1,6,8
3846,98,192,5,53,0,5,15,4,6,1,4,8
10001,98,5,17,17,13,14,34,4,2,1,3,9
2831,99,453,38,279,188,38,183,2,7,7,10,3
868,99,54,0,7,0,0,4,1,2,0,3,6
7212,99,54,0,7,0,0,4,1,2,0,3,6
1743,99,273,86,208,177,14,43,1,2,3,5,1
2415,99,362,17,398,80,35,61,3,5,3,5,4
7947,99,24,0,8,0,1,4,1,1,0,3,5
2106,99,0,6,3,7,6,12,1,1,0,3,8
3363,99,0,6,3,7,6,12,1,1,0,3,8
8595,99,55,0,6,2,0,4,2,1,1,3,5
7232,99,55,0,6,2,0,4,2,1,1,3,5
7829,99,15,6,8,7,4,25,1,2,1,2,5
9977,99,321,11,309,33,26,34,3,9,3,5,4
10142,99,372,18,126,47,48,78,2,5,2,11,4
5263,99,5,10,13,3,8,16,1,1,0,3,8
22,99,185,2,88,15,5,14,2,6,1,5,8
528,99,267,38,701,149,165,63,1,5,4,10,3
4070,99,169,24,553,188,0,144,1,8,5,4,7
